seed,split,budget,method,coverage,accepted_success,accepted_invalid_action,accepted_damage_rate,accepted_regret,accepted_utility
0,combined_counterfactual_stress,0.0,active_view_affordance_probe,0.0,0.0,0.0,0.0,0.0,0.0
0,combined_counterfactual_stress,0.0,causal_counterfactual_affordance_planner_v5,0.0,0.0,0.0,0.0,0.0,0.0
0,combined_counterfactual_stress,0.0,diffusion_affordance_sampler,0.0,0.0,0.0,0.0,0.0,0.0
0,combined_counterfactual_stress,0.0,ensemble_uncertainty_affordance,0.0,0.0,0.0,0.0,0.0,0.0
0,combined_counterfactual_stress,0.0,interactive_affordance_probe,0.0,0.0,0.0,0.0,0.0,0.0
0,combined_counterfactual_stress,0.0,robust_mpc_affordance_planner,0.0,0.0,0.0,0.0,0.0,0.0
0,combined_counterfactual_stress,0.05,active_view_affordance_probe,0.0,0.0,0.0,0.0,0.0,0.0
0,combined_counterfactual_stress,0.05,causal_counterfactual_affordance_planner_v5,0.0,0.0,0.0,0.0,0.0,0.0
0,combined_counterfactual_stress,0.05,diffusion_affordance_sampler,0.0,0.0,0.0,0.0,0.0,0.0
0,combined_counterfactual_stress,0.05,ensemble_uncertainty_affordance,0.0,0.0,0.0,0.0,0.0,0.0
0,combined_counterfactual_stress,0.05,interactive_affordance_probe,0.0,0.0,0.0,0.0,0.0,0.0
0,combined_counterfactual_stress,0.05,robust_mpc_affordance_planner,0.0,0.0,0.0,0.0,0.0,0.0
0,combined_counterfactual_stress,0.1,active_view_affordance_probe,0.013888888888888888,0.0,0.5,0.0,0.28240307741911697,-0.6941141541933818
0,combined_counterfactual_stress,0.1,causal_counterfactual_affordance_planner_v5,0.0,0.0,0.0,0.0,0.0,0.0
0,combined_counterfactual_stress,0.1,diffusion_affordance_sampler,0.0,0.0,0.0,0.0,0.0,0.0
0,combined_counterfactual_stress,0.1,ensemble_uncertainty_affordance,0.0,0.0,0.0,0.0,0.0,0.0
0,combined_counterfactual_stress,0.1,interactive_affordance_probe,0.125,0.3888888888888889,0.2222222222222222,0.0,0.2604888833314246,-0.02720532944310828
0,combined_counterfactual_stress,0.1,robust_mpc_affordance_planner,0.041666666666666664,0.16666666666666666,0.16666666666666666,0.0,0.31387465360828154,-0.20860559085913036
0,combined_counterfactual_stress,0.15,active_view_affordance_probe,0.18055555555555555,0.38461538461538464,0.3076923076923077,0.0,0.29834589351548507,-0.12450489469160876
0,combined_counterfactual_stress,0.15,causal_counterfactual_affordance_planner_v5,0.0,0.0,0.0,0.0,0.0,0.0
0,combined_counterfactual_stress,0.15,diffusion_affordance_sampler,0.0,0.0,0.0,0.0,0.0,0.0
0,combined_counterfactual_stress,0.15,ensemble_uncertainty_affordance,0.0,0.0,0.0,0.0,0.0,0.0
0,combined_counterfactual_stress,0.15,interactive_affordance_probe,0.5138888888888888,0.25675675675675674,0.24324324324324326,0.02702702702702703,0.2710047298220981,-0.21642828384844162
0,combined_counterfactual_stress,0.15,robust_mpc_affordance_planner,0.24305555555555555,0.22857142857142856,0.22857142857142856,0.11428571428571428,0.3044284877565743,-0.2945170842867448
0,low_signal_counterfactual_shift,0.0,active_view_affordance_probe,0.0,0.0,0.0,0.0,0.0,0.0
0,low_signal_counterfactual_shift,0.0,causal_counterfactual_affordance_planner_v5,0.0,0.0,0.0,0.0,0.0,0.0
0,low_signal_counterfactual_shift,0.0,diffusion_affordance_sampler,0.0,0.0,0.0,0.0,0.0,0.0
0,low_signal_counterfactual_shift,0.0,ensemble_uncertainty_affordance,0.0,0.0,0.0,0.0,0.0,0.0
0,low_signal_counterfactual_shift,0.0,interactive_affordance_probe,0.0,0.0,0.0,0.0,0.0,0.0
0,low_signal_counterfactual_shift,0.0,robust_mpc_affordance_planner,0.0,0.0,0.0,0.0,0.0,0.0
0,low_signal_counterfactual_shift,0.05,active_view_affordance_probe,0.0,0.0,0.0,0.0,0.0,0.0
0,low_signal_counterfactual_shift,0.05,causal_counterfactual_affordance_planner_v5,0.0,0.0,0.0,0.0,0.0,0.0
0,low_signal_counterfactual_shift,0.05,diffusion_affordance_sampler,0.0,0.0,0.0,0.0,0.0,0.0
0,low_signal_counterfactual_shift,0.05,ensemble_uncertainty_affordance,0.0,0.0,0.0,0.0,0.0,0.0
0,low_signal_counterfactual_shift,0.05,interactive_affordance_probe,0.0625,0.2222222222222222,0.0,0.0,0.23304970692645088,0.02144653848481773
0,low_signal_counterfactual_shift,0.05,robust_mpc_affordance_planner,0.006944444444444444,0.0,0.0,0.0,0.2544257891261944,-0.18865805238833605
0,low_signal_counterfactual_shift,0.1,active_view_affordance_probe,0.04861111111111111,0.2857142857142857,0.42857142857142855,0.0,0.2694194595109384,-0.3193113359433712
0,low_signal_counterfactual_shift,0.1,causal_counterfactual_affordance_planner_v5,0.0,0.0,0.0,0.0,0.0,0.0
0,low_signal_counterfactual_shift,0.1,diffusion_affordance_sampler,0.0,0.0,0.0,0.0,0.0,0.0
0,low_signal_counterfactual_shift,0.1,ensemble_uncertainty_affordance,0.0,0.0,0.0,0.0,0.0,0.0
0,low_signal_counterfactual_shift,0.1,interactive_affordance_probe,0.3263888888888889,0.3617021276595745,0.1276595744680851,0.02127659574468085,0.25746797236047514,0.0146374406242632
0,low_signal_counterfactual_shift,0.1,robust_mpc_affordance_planner,0.1388888888888889,0.35,0.15,0.0,0.28887992085111425,0.01672405540422006
0,low_signal_counterfactual_shift,0.15,active_view_affordance_probe,0.3472222222222222,0.32,0.4,0.06,0.2898812274306767,-0.3241488592014738
0,low_signal_counterfactual_shift,0.15,causal_counterfactual_affordance_planner_v5,0.020833333333333332,0.6666666666666666,0.0,0.3333333333333333,0.3448517352971132,0.1596384519586875
0,low_signal_counterfactual_shift,0.15,diffusion_affordance_sampler,0.0,0.0,0.0,0.0,0.0,0.0
0,low_signal_counterfactual_shift,0.15,ensemble_uncertainty_affordance,0.027777777777777776,0.25,0.5,0.0,0.38044921763950235,-0.47067845234765165
0,low_signal_counterfactual_shift,0.15,interactive_affordance_probe,0.7916666666666666,0.2807017543859649,0.11403508771929824,0.03508771929824561,0.2623061092199645,-0.07341890803292246
0,low_signal_counterfactual_shift,0.15,robust_mpc_affordance_planner,0.5555555555555556,0.225,0.1375,0.025,0.29223449285076014,-0.12737414499553207
1,combined_counterfactual_stress,0.0,active_view_affordance_probe,0.0,0.0,0.0,0.0,0.0,0.0
1,combined_counterfactual_stress,0.0,causal_counterfactual_affordance_planner_v5,0.0,0.0,0.0,0.0,0.0,0.0
1,combined_counterfactual_stress,0.0,diffusion_affordance_sampler,0.0,0.0,0.0,0.0,0.0,0.0
1,combined_counterfactual_stress,0.0,ensemble_uncertainty_affordance,0.0,0.0,0.0,0.0,0.0,0.0
1,combined_counterfactual_stress,0.0,interactive_affordance_probe,0.0,0.0,0.0,0.0,0.0,0.0
1,combined_counterfactual_stress,0.0,robust_mpc_affordance_planner,0.0,0.0,0.0,0.0,0.0,0.0
1,combined_counterfactual_stress,0.05,active_view_affordance_probe,0.0,0.0,0.0,0.0,0.0,0.0
1,combined_counterfactual_stress,0.05,causal_counterfactual_affordance_planner_v5,0.0,0.0,0.0,0.0,0.0,0.0
1,combined_counterfactual_stress,0.05,diffusion_affordance_sampler,0.0,0.0,0.0,0.0,0.0,0.0
1,combined_counterfactual_stress,0.05,ensemble_uncertainty_affordance,0.0,0.0,0.0,0.0,0.0,0.0
1,combined_counterfactual_stress,0.05,interactive_affordance_probe,0.0,0.0,0.0,0.0,0.0,0.0
1,combined_counterfactual_stress,0.05,robust_mpc_affordance_planner,0.0,0.0,0.0,0.0,0.0,0.0
1,combined_counterfactual_stress,0.1,active_view_affordance_probe,0.0,0.0,0.0,0.0,0.0,0.0
1,combined_counterfactual_stress,0.1,causal_counterfactual_affordance_planner_v5,0.0,0.0,0.0,0.0,0.0,0.0
1,combined_counterfactual_stress,0.1,diffusion_affordance_sampler,0.0,0.0,0.0,0.0,0.0,0.0
1,combined_counterfactual_stress,0.1,ensemble_uncertainty_affordance,0.0,0.0,0.0,0.0,0.0,0.0
1,combined_counterfactual_stress,0.1,interactive_affordance_probe,0.1388888888888889,0.25,0.25,0.05,0.2672984807384628,-0.24736093651692395
1,combined_counterfactual_stress,0.1,robust_mpc_affordance_planner,0.027777777777777776,0.5,0.25,0.0,0.3081625396323618,0.06872622225734677
1,combined_counterfactual_stress,0.15,active_view_affordance_probe,0.18055555555555555,0.2692307692307692,0.15384615384615385,0.07692307692307693,0.30361831247142373,-0.17550328026845818
1,combined_counterfactual_stress,0.15,causal_counterfactual_affordance_planner_v5,0.006944444444444444,0.0,0.0,0.0,0.32264594840463745,-0.2314841638832462
1,combined_counterfactual_stress,0.15,diffusion_affordance_sampler,0.0,0.0,0.0,0.0,0.0,0.0
1,combined_counterfactual_stress,0.15,ensemble_uncertainty_affordance,0.006944444444444444,0.0,1.0,0.0,0.41053215485121375,-1.2142365083958497
1,combined_counterfactual_stress,0.15,interactive_affordance_probe,0.5347222222222222,0.3246753246753247,0.18181818181818182,0.07792207792207792,0.2730462579063517,-0.13481944546951108
1,combined_counterfactual_stress,0.15,robust_mpc_affordance_planner,0.3194444444444444,0.1956521739130435,0.2826086956521739,0.043478260869565216,0.3054339415156561,-0.317189846017481
1,low_signal_counterfactual_shift,0.0,active_view_affordance_probe,0.0,0.0,0.0,0.0,0.0,0.0
1,low_signal_counterfactual_shift,0.0,causal_counterfactual_affordance_planner_v5,0.0,0.0,0.0,0.0,0.0,0.0
1,low_signal_counterfactual_shift,0.0,diffusion_affordance_sampler,0.0,0.0,0.0,0.0,0.0,0.0
1,low_signal_counterfactual_shift,0.0,ensemble_uncertainty_affordance,0.0,0.0,0.0,0.0,0.0,0.0
1,low_signal_counterfactual_shift,0.0,interactive_affordance_probe,0.006944444444444444,1.0,0.0,0.0,0.2556075948313238,0.8223226836180734
1,low_signal_counterfactual_shift,0.0,robust_mpc_affordance_planner,0.0,0.0,0.0,0.0,0.0,0.0
1,low_signal_counterfactual_shift,0.05,active_view_affordance_probe,0.006944444444444444,1.0,0.0,0.0,0.24085328259265013,0.8449707021851449
1,low_signal_counterfactual_shift,0.05,causal_counterfactual_affordance_planner_v5,0.0,0.0,0.0,0.0,0.0,0.0
1,low_signal_counterfactual_shift,0.05,diffusion_affordance_sampler,0.0,0.0,0.0,0.0,0.0,0.0
1,low_signal_counterfactual_shift,0.05,ensemble_uncertainty_affordance,0.0,0.0,0.0,0.0,0.0,0.0
1,low_signal_counterfactual_shift,0.05,interactive_affordance_probe,0.05555555555555555,0.25,0.25,0.0,0.2592494766473479,-0.19772663365314352
1,low_signal_counterfactual_shift,0.05,robust_mpc_affordance_planner,0.0,0.0,0.0,0.0,0.0,0.0
1,low_signal_counterfactual_shift,0.1,active_view_affordance_probe,0.0625,0.4444444444444444,0.1111111111111111,0.0,0.2770746557283317,0.13406018543461232
1,low_signal_counterfactual_shift,0.1,causal_counterfactual_affordance_planner_v5,0.0,0.0,0.0,0.0,0.0,0.0
1,low_signal_counterfactual_shift,0.1,diffusion_affordance_sampler,0.0,0.0,0.0,0.0,0.0,0.0
1,low_signal_counterfactual_shift,0.1,ensemble_uncertainty_affordance,0.0,0.0,0.0,0.0,0.0,0.0
1,low_signal_counterfactual_shift,0.1,interactive_affordance_probe,0.3194444444444444,0.2826086956521739,0.13043478260869565,0.021739130434782608,0.26303656953288823,-0.07526890302084782
1,low_signal_counterfactual_shift,0.1,robust_mpc_affordance_planner,0.11805555555555555,0.5294117647058824,0.17647058823529413,0.0,0.28681915444982864,0.18219600364982588
1,low_signal_counterfactual_shift,0.15,active_view_affordance_probe,0.2986111111111111,0.3023255813953488,0.20930232558139536,0.046511627906976744,0.29402371749581774,-0.15829511387497935
1,low_signal_counterfactual_shift,0.15,causal_counterfactual_affordance_planner_v5,0.020833333333333332,0.0,0.3333333333333333,0.0,0.32233418608122344,-0.537932596923523
1,low_signal_counterfactual_shift,0.15,diffusion_affordance_sampler,0.0,0.0,0.0,0.0,0.0,0.0
1,low_signal_counterfactual_shift,0.15,ensemble_uncertainty_affordance,0.013888888888888888,0.5,0.0,1.0,0.3440268878808578,-0.6026828215166004
1,low_signal_counterfactual_shift,0.15,interactive_affordance_probe,0.7083333333333334,0.27450980392156865,0.14705882352941177,0.0196078431372549,0.2676313643629209,-0.10040768054424067
1,low_signal_counterfactual_shift,0.15,robust_mpc_affordance_planner,0.5416666666666666,0.4358974358974359,0.21794871794871795,0.01282051282051282,0.29130005814493165,0.031427395195983775
2,combined_counterfactual_stress,0.0,active_view_affordance_probe,0.0,0.0,0.0,0.0,0.0,0.0
2,combined_counterfactual_stress,0.0,causal_counterfactual_affordance_planner_v5,0.0,0.0,0.0,0.0,0.0,0.0
2,combined_counterfactual_stress,0.0,diffusion_affordance_sampler,0.0,0.0,0.0,0.0,0.0,0.0
2,combined_counterfactual_stress,0.0,ensemble_uncertainty_affordance,0.0,0.0,0.0,0.0,0.0,0.0
2,combined_counterfactual_stress,0.0,interactive_affordance_probe,0.0,0.0,0.0,0.0,0.0,0.0
2,combined_counterfactual_stress,0.0,robust_mpc_affordance_planner,0.0,0.0,0.0,0.0,0.0,0.0
2,combined_counterfactual_stress,0.05,active_view_affordance_probe,0.0,0.0,0.0,0.0,0.0,0.0
2,combined_counterfactual_stress,0.05,causal_counterfactual_affordance_planner_v5,0.0,0.0,0.0,0.0,0.0,0.0
2,combined_counterfactual_stress,0.05,diffusion_affordance_sampler,0.0,0.0,0.0,0.0,0.0,0.0
2,combined_counterfactual_stress,0.05,ensemble_uncertainty_affordance,0.0,0.0,0.0,0.0,0.0,0.0
2,combined_counterfactual_stress,0.05,interactive_affordance_probe,0.020833333333333332,0.0,0.3333333333333333,0.0,0.2802617431471586,-0.5516018868696776
2,combined_counterfactual_stress,0.05,robust_mpc_affordance_planner,0.0,0.0,0.0,0.0,0.0,0.0
2,combined_counterfactual_stress,0.1,active_view_affordance_probe,0.006944444444444444,0.0,0.0,0.0,0.3352725936004252,-0.27112281552029766
2,combined_counterfactual_stress,0.1,causal_counterfactual_affordance_planner_v5,0.0,0.0,0.0,0.0,0.0,0.0
2,combined_counterfactual_stress,0.1,diffusion_affordance_sampler,0.0,0.0,0.0,0.0,0.0,0.0
2,combined_counterfactual_stress,0.1,ensemble_uncertainty_affordance,0.0,0.0,0.0,0.0,0.0,0.0
2,combined_counterfactual_stress,0.1,interactive_affordance_probe,0.1388888888888889,0.25,0.25,0.0,0.2792551709829848,-0.21173061968808932
2,combined_counterfactual_stress,0.1,robust_mpc_affordance_planner,0.04861111111111111,0.0,0.2857142857142857,0.14285714285714285,0.30546209005563524,-0.6129548916103732
2,combined_counterfactual_stress,0.15,active_view_affordance_probe,0.125,0.2222222222222222,0.16666666666666666,0.05555555555555555,0.2975972177336796,-0.21363894130246455
2,combined_counterfactual_stress,0.15,causal_counterfactual_affordance_planner_v5,0.0,0.0,0.0,0.0,0.0,0.0
2,combined_counterfactual_stress,0.15,diffusion_affordance_sampler,0.0,0.0,0.0,0.0,0.0,0.0
2,combined_counterfactual_stress,0.15,ensemble_uncertainty_affordance,0.0,0.0,0.0,0.0,0.0,0.0
2,combined_counterfactual_stress,0.15,interactive_affordance_probe,0.4930555555555556,0.28169014084507044,0.19718309859154928,0.028169014084507043,0.27827426797014737,-0.15396652279037076
2,combined_counterfactual_stress,0.15,robust_mpc_affordance_planner,0.2847222222222222,0.3170731707317073,0.4146341463414634,0.04878048780487805,0.30912264089211383,-0.318409263258626
2,low_signal_counterfactual_shift,0.0,active_view_affordance_probe,0.0,0.0,0.0,0.0,0.0,0.0
2,low_signal_counterfactual_shift,0.0,causal_counterfactual_affordance_planner_v5,0.0,0.0,0.0,0.0,0.0,0.0
2,low_signal_counterfactual_shift,0.0,diffusion_affordance_sampler,0.0,0.0,0.0,0.0,0.0,0.0
2,low_signal_counterfactual_shift,0.0,ensemble_uncertainty_affordance,0.0,0.0,0.0,0.0,0.0,0.0
2,low_signal_counterfactual_shift,0.0,interactive_affordance_probe,0.0,0.0,0.0,0.0,0.0,0.0
2,low_signal_counterfactual_shift,0.0,robust_mpc_affordance_planner,0.0,0.0,0.0,0.0,0.0,0.0
2,low_signal_counterfactual_shift,0.05,active_view_affordance_probe,0.006944444444444444,1.0,1.0,0.0,0.23934476060189555,-0.07397333242132687
2,low_signal_counterfactual_shift,0.05,causal_counterfactual_affordance_planner_v5,0.0,0.0,0.0,0.0,0.0,0.0
2,low_signal_counterfactual_shift,0.05,diffusion_affordance_sampler,0.0,0.0,0.0,0.0,0.0,0.0
2,low_signal_counterfactual_shift,0.05,ensemble_uncertainty_affordance,0.0,0.0,0.0,0.0,0.0,0.0
2,low_signal_counterfactual_shift,0.05,interactive_affordance_probe,0.020833333333333332,0.6666666666666666,0.3333333333333333,0.0,0.2286597170175435,0.18451953142105293
2,low_signal_counterfactual_shift,0.05,robust_mpc_affordance_planner,0.013888888888888888,0.0,0.0,0.0,0.2709961891202042,-0.20025733238414292
2,low_signal_counterfactual_shift,0.1,active_view_affordance_probe,0.0625,0.5555555555555556,0.1111111111111111,0.1111111111111111,0.26932325195828466,0.15837505696253412
2,low_signal_counterfactual_shift,0.1,causal_counterfactual_affordance_planner_v5,0.0,0.0,0.0,0.0,0.0,0.0
2,low_signal_counterfactual_shift,0.1,diffusion_affordance_sampler,0.0,0.0,0.0,0.0,0.0,0.0
2,low_signal_counterfactual_shift,0.1,ensemble_uncertainty_affordance,0.0,0.0,0.0,0.0,0.0,0.0
2,low_signal_counterfactual_shift,0.1,interactive_affordance_probe,0.2916666666666667,0.2619047619047619,0.23809523809523808,0.023809523809523808,0.2587071273798628,-0.19484698916590393
2,low_signal_counterfactual_shift,0.1,robust_mpc_affordance_planner,0.1527777777777778,0.2727272727272727,0.13636363636363635,0.045454545454545456,0.27866756211628496,-0.08471820257230855
2,low_signal_counterfactual_shift,0.15,active_view_affordance_probe,0.3263888888888889,0.2765957446808511,0.2127659574468085,0.06382978723404255,0.28499767707077295,-0.19741973565166868
2,low_signal_counterfactual_shift,0.15,causal_counterfactual_affordance_planner_v5,0.020833333333333332,0.6666666666666666,0.6666666666666666,0.0,0.33861756854353425,-0.1559976313138073
2,low_signal_counterfactual_shift,0.15,diffusion_affordance_sampler,0.0,0.0,0.0,0.0,0.0,0.0
2,low_signal_counterfactual_shift,0.15,ensemble_uncertainty_affordance,0.013888888888888888,0.5,0.5,0.0,0.3374894886381644,-0.17810664204671506
2,low_signal_counterfactual_shift,0.15,interactive_affordance_probe,0.8055555555555556,0.35344827586206895,0.20689655172413793,0.05172413793103448,0.2614355328428679,-0.09649825230035229
2,low_signal_counterfactual_shift,0.15,robust_mpc_affordance_planner,0.5833333333333334,0.2619047619047619,0.15476190476190477,0.03571428571428571,0.28723467241654416,-0.11043379450110472
3,combined_counterfactual_stress,0.0,active_view_affordance_probe,0.0,0.0,0.0,0.0,0.0,0.0
3,combined_counterfactual_stress,0.0,causal_counterfactual_affordance_planner_v5,0.0,0.0,0.0,0.0,0.0,0.0
3,combined_counterfactual_stress,0.0,diffusion_affordance_sampler,0.0,0.0,0.0,0.0,0.0,0.0
3,combined_counterfactual_stress,0.0,ensemble_uncertainty_affordance,0.0,0.0,0.0,0.0,0.0,0.0
3,combined_counterfactual_stress,0.0,interactive_affordance_probe,0.0,0.0,0.0,0.0,0.0,0.0
3,combined_counterfactual_stress,0.0,robust_mpc_affordance_planner,0.0,0.0,0.0,0.0,0.0,0.0
3,combined_counterfactual_stress,0.05,active_view_affordance_probe,0.0,0.0,0.0,0.0,0.0,0.0
3,combined_counterfactual_stress,0.05,causal_counterfactual_affordance_planner_v5,0.0,0.0,0.0,0.0,0.0,0.0
3,combined_counterfactual_stress,0.05,diffusion_affordance_sampler,0.0,0.0,0.0,0.0,0.0,0.0
3,combined_counterfactual_stress,0.05,ensemble_uncertainty_affordance,0.0,0.0,0.0,0.0,0.0,0.0
3,combined_counterfactual_stress,0.05,interactive_affordance_probe,0.013888888888888888,0.5,0.0,0.0,0.22723287241585632,0.3171849893089006
3,combined_counterfactual_stress,0.05,robust_mpc_affordance_planner,0.0,0.0,0.0,0.0,0.0,0.0
3,combined_counterfactual_stress,0.1,active_view_affordance_probe,0.034722222222222224,0.0,0.2,0.0,0.2811941472883706,-0.41726790310185946
3,combined_counterfactual_stress,0.1,causal_counterfactual_affordance_planner_v5,0.0,0.0,0.0,0.0,0.0,0.0
3,combined_counterfactual_stress,0.1,diffusion_affordance_sampler,0.0,0.0,0.0,0.0,0.0,0.0
3,combined_counterfactual_stress,0.1,ensemble_uncertainty_affordance,0.0,0.0,0.0,0.0,0.0,0.0
3,combined_counterfactual_stress,0.1,interactive_affordance_probe,0.10416666666666667,0.3333333333333333,0.26666666666666666,0.0,0.27016404173258557,-0.1332001625461432
3,combined_counterfactual_stress,0.1,robust_mpc_affordance_planner,0.027777777777777776,0.25,0.25,0.0,0.29091033488536233,-0.1816972344197536
3,combined_counterfactual_stress,0.15,active_view_affordance_probe,0.13194444444444445,0.10526315789473684,0.05263157894736842,0.0,0.2862632430010799,-0.17471100694286124
3,combined_counterfactual_stress,0.15,causal_counterfactual_affordance_planner_v5,0.0,0.0,0.0,0.0,0.0,0.0
3,combined_counterfactual_stress,0.15,diffusion_affordance_sampler,0.0,0.0,0.0,0.0,0.0,0.0
3,combined_counterfactual_stress,0.15,ensemble_uncertainty_affordance,0.0,0.0,0.0,0.0,0.0,0.0
3,combined_counterfactual_stress,0.15,interactive_affordance_probe,0.5277777777777778,0.3157894736842105,0.17105263157894737,0.05263157894736842,0.27275204710018286,-0.11178369612802275
3,combined_counterfactual_stress,0.15,robust_mpc_affordance_planner,0.2569444444444444,0.16216216216216217,0.3783783783783784,0.05405405405405406,0.29768002462727233,-0.4443414226444961
3,low_signal_counterfactual_shift,0.0,active_view_affordance_probe,0.0,0.0,0.0,0.0,0.0,0.0
3,low_signal_counterfactual_shift,0.0,causal_counterfactual_affordance_planner_v5,0.0,0.0,0.0,0.0,0.0,0.0
3,low_signal_counterfactual_shift,0.0,diffusion_affordance_sampler,0.0,0.0,0.0,0.0,0.0,0.0
3,low_signal_counterfactual_shift,0.0,ensemble_uncertainty_affordance,0.0,0.0,0.0,0.0,0.0,0.0
3,low_signal_counterfactual_shift,0.0,interactive_affordance_probe,0.0,0.0,0.0,0.0,0.0,0.0
3,low_signal_counterfactual_shift,0.0,robust_mpc_affordance_planner,0.0,0.0,0.0,0.0,0.0,0.0
3,low_signal_counterfactual_shift,0.05,active_view_affordance_probe,0.0,0.0,0.0,0.0,0.0,0.0
3,low_signal_counterfactual_shift,0.05,causal_counterfactual_affordance_planner_v5,0.0,0.0,0.0,0.0,0.0,0.0
3,low_signal_counterfactual_shift,0.05,diffusion_affordance_sampler,0.0,0.0,0.0,0.0,0.0,0.0
3,low_signal_counterfactual_shift,0.05,ensemble_uncertainty_affordance,0.0,0.0,0.0,0.0,0.0,0.0
3,low_signal_counterfactual_shift,0.05,interactive_affordance_probe,0.034722222222222224,0.0,0.4,0.0,0.29030861896834426,-0.6199680332778409
3,low_signal_counterfactual_shift,0.05,robust_mpc_affordance_planner,0.0,0.0,0.0,0.0,0.0,0.0
3,low_signal_counterfactual_shift,0.1,active_view_affordance_probe,0.041666666666666664,0.3333333333333333,0.16666666666666666,0.0,0.27951475694974315,-0.03542566319815347
3,low_signal_counterfactual_shift,0.1,causal_counterfactual_affordance_planner_v5,0.0,0.0,0.0,0.0,0.0,0.0
3,low_signal_counterfactual_shift,0.1,diffusion_affordance_sampler,0.0,0.0,0.0,0.0,0.0,0.0
3,low_signal_counterfactual_shift,0.1,ensemble_uncertainty_affordance,0.0,0.0,0.0,0.0,0.0,0.0
3,low_signal_counterfactual_shift,0.1,interactive_affordance_probe,0.2708333333333333,0.20512820512820512,0.1794871794871795,0.0,0.2713273730464731,-0.18842475087612082
3,low_signal_counterfactual_shift,0.1,robust_mpc_affordance_planner,0.0763888888888889,0.2727272727272727,0.18181818181818182,0.0,0.28372129436305377,-0.09007399696322853
3,low_signal_counterfactual_shift,0.15,active_view_affordance_probe,0.2916666666666667,0.2619047619047619,0.21428571428571427,0.023809523809523808,0.29329726303111314,-0.1848353222170173
3,low_signal_counterfactual_shift,0.15,causal_counterfactual_affordance_planner_v5,0.0,0.0,0.0,0.0,0.0,0.0
3,low_signal_counterfactual_shift,0.15,diffusion_affordance_sampler,0.0,0.0,0.0,0.0,0.0,0.0
3,low_signal_counterfactual_shift,0.15,ensemble_uncertainty_affordance,0.006944444444444444,0.0,1.0,0.0,0.3725038181319308,-1.1876166726923516
3,low_signal_counterfactual_shift,0.15,interactive_affordance_probe,0.7083333333333334,0.3137254901960784,0.18627450980392157,0.0196078431372549,0.2692933450939453,-0.0964730278402715
3,low_signal_counterfactual_shift,0.15,robust_mpc_affordance_planner,0.5,0.3333333333333333,0.1527777777777778,0.013888888888888888,0.29555341169893723,-0.020225165967033797
4,combined_counterfactual_stress,0.0,active_view_affordance_probe,0.0,0.0,0.0,0.0,0.0,0.0
4,combined_counterfactual_stress,0.0,causal_counterfactual_affordance_planner_v5,0.0,0.0,0.0,0.0,0.0,0.0
4,combined_counterfactual_stress,0.0,diffusion_affordance_sampler,0.0,0.0,0.0,0.0,0.0,0.0
4,combined_counterfactual_stress,0.0,ensemble_uncertainty_affordance,0.0,0.0,0.0,0.0,0.0,0.0
4,combined_counterfactual_stress,0.0,interactive_affordance_probe,0.0,0.0,0.0,0.0,0.0,0.0
4,combined_counterfactual_stress,0.0,robust_mpc_affordance_planner,0.0,0.0,0.0,0.0,0.0,0.0
4,combined_counterfactual_stress,0.05,active_view_affordance_probe,0.0,0.0,0.0,0.0,0.0,0.0
4,combined_counterfactual_stress,0.05,causal_counterfactual_affordance_planner_v5,0.0,0.0,0.0,0.0,0.0,0.0
4,combined_counterfactual_stress,0.05,diffusion_affordance_sampler,0.0,0.0,0.0,0.0,0.0,0.0
4,combined_counterfactual_stress,0.05,ensemble_uncertainty_affordance,0.0,0.0,0.0,0.0,0.0,0.0
4,combined_counterfactual_stress,0.05,interactive_affordance_probe,0.006944444444444444,0.0,0.0,0.0,0.2448953738546626,-0.22017876169826378
4,combined_counterfactual_stress,0.05,robust_mpc_affordance_planner,0.0,0.0,0.0,0.0,0.0,0.0
4,combined_counterfactual_stress,0.1,active_view_affordance_probe,0.034722222222222224,0.2,0.4,0.0,0.2657467669080299,-0.380454736835621
4,combined_counterfactual_stress,0.1,causal_counterfactual_affordance_planner_v5,0.0,0.0,0.0,0.0,0.0,0.0
4,combined_counterfactual_stress,0.1,diffusion_affordance_sampler,0.0,0.0,0.0,0.0,0.0,0.0
4,combined_counterfactual_stress,0.1,ensemble_uncertainty_affordance,0.0,0.0,0.0,0.0,0.0,0.0
4,combined_counterfactual_stress,0.1,interactive_affordance_probe,0.13194444444444445,0.3157894736842105,0.05263157894736842,0.0,0.26662275637800786,0.04776996527223662
4,combined_counterfactual_stress,0.1,robust_mpc_affordance_planner,0.06944444444444445,0.3,0.3,0.1,0.2839597750339993,-0.2583318425237994
4,combined_counterfactual_stress,0.15,active_view_affordance_probe,0.13194444444444445,0.15789473684210525,0.2631578947368421,0.0,0.2879168183832985,-0.31428956234199323
4,combined_counterfactual_stress,0.15,causal_counterfactual_affordance_planner_v5,0.0,0.0,0.0,0.0,0.0,0.0
4,combined_counterfactual_stress,0.15,diffusion_affordance_sampler,0.0,0.0,0.0,0.0,0.0,0.0
4,combined_counterfactual_stress,0.15,ensemble_uncertainty_affordance,0.006944444444444444,0.0,0.0,0.0,0.357118606977443,-0.2568470248842101
4,combined_counterfactual_stress,0.15,interactive_affordance_probe,0.5208333333333334,0.37333333333333335,0.12,0.04,0.27435348655203523,0.005600559413575359
4,combined_counterfactual_stress,0.15,robust_mpc_affordance_planner,0.3125,0.2222222222222222,0.2222222222222222,0.022222222222222223,0.29515299114725213,-0.20783376046974314
4,low_signal_counterfactual_shift,0.0,active_view_affordance_probe,0.0,0.0,0.0,0.0,0.0,0.0
4,low_signal_counterfactual_shift,0.0,causal_counterfactual_affordance_planner_v5,0.0,0.0,0.0,0.0,0.0,0.0
4,low_signal_counterfactual_shift,0.0,diffusion_affordance_sampler,0.0,0.0,0.0,0.0,0.0,0.0
4,low_signal_counterfactual_shift,0.0,ensemble_uncertainty_affordance,0.0,0.0,0.0,0.0,0.0,0.0
4,low_signal_counterfactual_shift,0.0,interactive_affordance_probe,0.0,0.0,0.0,0.0,0.0,0.0
4,low_signal_counterfactual_shift,0.0,robust_mpc_affordance_planner,0.0,0.0,0.0,0.0,0.0,0.0
4,low_signal_counterfactual_shift,0.05,active_view_affordance_probe,0.0,0.0,0.0,0.0,0.0,0.0
4,low_signal_counterfactual_shift,0.05,causal_counterfactual_affordance_planner_v5,0.0,0.0,0.0,0.0,0.0,0.0
4,low_signal_counterfactual_shift,0.05,diffusion_affordance_sampler,0.0,0.0,0.0,0.0,0.0,0.0
4,low_signal_counterfactual_shift,0.05,ensemble_uncertainty_affordance,0.0,0.0,0.0,0.0,0.0,0.0
4,low_signal_counterfactual_shift,0.05,interactive_affordance_probe,0.027777777777777776,0.5,0.25,0.0,0.262739215749479,0.06233054897536472
4,low_signal_counterfactual_shift,0.05,robust_mpc_affordance_planner,0.013888888888888888,0.0,0.5,0.0,0.26943091379618256,-0.6591616396573278
4,low_signal_counterfactual_shift,0.1,active_view_affordance_probe,0.041666666666666664,0.5,0.3333333333333333,0.0,0.28473164026795034,-0.017410814854231866
4,low_signal_counterfactual_shift,0.1,causal_counterfactual_affordance_planner_v5,0.0,0.0,0.0,0.0,0.0,0.0
4,low_signal_counterfactual_shift,0.1,diffusion_affordance_sampler,0.0,0.0,0.0,0.0,0.0,0.0
4,low_signal_counterfactual_shift,0.1,ensemble_uncertainty_affordance,0.0,0.0,0.0,0.0,0.0,0.0
4,low_signal_counterfactual_shift,0.1,interactive_affordance_probe,0.3888888888888889,0.35714285714285715,0.19642857142857142,0.03571428571428571,0.25921198120035,-0.06734324398310212
4,low_signal_counterfactual_shift,0.1,robust_mpc_affordance_planner,0.125,0.3333333333333333,0.05555555555555555,0.0,0.29013040803460877,0.08523760326466279
4,low_signal_counterfactual_shift,0.15,active_view_affordance_probe,0.2916666666666667,0.42857142857142855,0.19047619047619047,0.07142857142857142,0.2894622982890815,-0.02715084689759512
4,low_signal_counterfactual_shift,0.15,causal_counterfactual_affordance_planner_v5,0.027777777777777776,0.25,0.0,0.0,0.2930283685182214,0.05174814203724503
4,low_signal_counterfactual_shift,0.15,diffusion_affordance_sampler,0.0,0.0,0.0,0.0,0.0,0.0
4,low_signal_counterfactual_shift,0.15,ensemble_uncertainty_affordance,0.020833333333333332,0.0,0.3333333333333333,0.0,0.3315819422137906,-0.5456380262163201
4,low_signal_counterfactual_shift,0.15,interactive_affordance_probe,0.75,0.3148148148148148,0.18518518518518517,0.037037037037037035,0.2633783147011975,-0.10552422769824565
4,low_signal_counterfactual_shift,0.15,robust_mpc_affordance_planner,0.4652777777777778,0.29850746268656714,0.23880597014925373,0.029850746268656716,0.29863050027758636,-0.15213866362714623
5,combined_counterfactual_stress,0.0,active_view_affordance_probe,0.0,0.0,0.0,0.0,0.0,0.0
5,combined_counterfactual_stress,0.0,causal_counterfactual_affordance_planner_v5,0.0,0.0,0.0,0.0,0.0,0.0
5,combined_counterfactual_stress,0.0,diffusion_affordance_sampler,0.0,0.0,0.0,0.0,0.0,0.0
5,combined_counterfactual_stress,0.0,ensemble_uncertainty_affordance,0.0,0.0,0.0,0.0,0.0,0.0
5,combined_counterfactual_stress,0.0,interactive_affordance_probe,0.0,0.0,0.0,0.0,0.0,0.0
5,combined_counterfactual_stress,0.0,robust_mpc_affordance_planner,0.0,0.0,0.0,0.0,0.0,0.0
5,combined_counterfactual_stress,0.05,active_view_affordance_probe,0.0,0.0,0.0,0.0,0.0,0.0
5,combined_counterfactual_stress,0.05,causal_counterfactual_affordance_planner_v5,0.0,0.0,0.0,0.0,0.0,0.0
5,combined_counterfactual_stress,0.05,diffusion_affordance_sampler,0.0,0.0,0.0,0.0,0.0,0.0
5,combined_counterfactual_stress,0.05,ensemble_uncertainty_affordance,0.0,0.0,0.0,0.0,0.0,0.0
5,combined_counterfactual_stress,0.05,interactive_affordance_probe,0.0,0.0,0.0,0.0,0.0,0.0
5,combined_counterfactual_stress,0.05,robust_mpc_affordance_planner,0.0,0.0,0.0,0.0,0.0,0.0
5,combined_counterfactual_stress,0.1,active_view_affordance_probe,0.013888888888888888,0.5,0.0,0.0,0.2623910342995428,0.30489427599032004
5,combined_counterfactual_stress,0.1,causal_counterfactual_affordance_planner_v5,0.0,0.0,0.0,0.0,0.0,0.0
5,combined_counterfactual_stress,0.1,diffusion_affordance_sampler,0.0,0.0,0.0,0.0,0.0,0.0
5,combined_counterfactual_stress,0.1,ensemble_uncertainty_affordance,0.0,0.0,0.0,0.0,0.0,0.0
5,combined_counterfactual_stress,0.1,interactive_affordance_probe,0.1597222222222222,0.391304347826087,0.08695652173913043,0.0,0.27560557318909085,0.08919366398502772
5,combined_counterfactual_stress,0.1,robust_mpc_affordance_planner,0.020833333333333332,0.6666666666666666,0.0,0.0,0.29526896526821383,0.4827517243122504
5,combined_counterfactual_stress,0.15,active_view_affordance_probe,0.14583333333333334,0.47619047619047616,0.23809523809523808,0.09523809523809523,0.29168735146481106,-0.04347028888251056
5,combined_counterfactual_stress,0.15,causal_counterfactual_affordance_planner_v5,0.0,0.0,0.0,0.0,0.0,0.0
5,combined_counterfactual_stress,0.15,diffusion_affordance_sampler,0.0,0.0,0.0,0.0,0.0,0.0
5,combined_counterfactual_stress,0.15,ensemble_uncertainty_affordance,0.006944444444444444,0.0,0.0,0.0,0.344514183400131,-0.2480239283800917
5,combined_counterfactual_stress,0.15,interactive_affordance_probe,0.5763888888888888,0.30120481927710846,0.13253012048192772,0.060240963855421686,0.27300962203473356,-0.0985334342194942
5,combined_counterfactual_stress,0.15,robust_mpc_affordance_planner,0.3055555555555556,0.4318181818181818,0.1590909090909091,0.0,0.3002450220753013,0.08631393909274367
5,low_signal_counterfactual_shift,0.0,active_view_affordance_probe,0.0,0.0,0.0,0.0,0.0,0.0
5,low_signal_counterfactual_shift,0.0,causal_counterfactual_affordance_planner_v5,0.0,0.0,0.0,0.0,0.0,0.0
5,low_signal_counterfactual_shift,0.0,diffusion_affordance_sampler,0.0,0.0,0.0,0.0,0.0,0.0
5,low_signal_counterfactual_shift,0.0,ensemble_uncertainty_affordance,0.0,0.0,0.0,0.0,0.0,0.0
5,low_signal_counterfactual_shift,0.0,interactive_affordance_probe,0.0,0.0,0.0,0.0,0.0,0.0
5,low_signal_counterfactual_shift,0.0,robust_mpc_affordance_planner,0.0,0.0,0.0,0.0,0.0,0.0
5,low_signal_counterfactual_shift,0.05,active_view_affordance_probe,0.006944444444444444,1.0,0.0,0.0,0.2934995988995564,0.8081182807703106
5,low_signal_counterfactual_shift,0.05,causal_counterfactual_affordance_planner_v5,0.0,0.0,0.0,0.0,0.0,0.0
5,low_signal_counterfactual_shift,0.05,diffusion_affordance_sampler,0.0,0.0,0.0,0.0,0.0,0.0
5,low_signal_counterfactual_shift,0.05,ensemble_uncertainty_affordance,0.0,0.0,0.0,0.0,0.0,0.0
5,low_signal_counterfactual_shift,0.05,interactive_affordance_probe,0.041666666666666664,0.3333333333333333,0.16666666666666666,0.0,0.2450652441108916,-0.023631004210957443
5,low_signal_counterfactual_shift,0.05,robust_mpc_affordance_planner,0.0,0.0,0.0,0.0,0.0,0.0
5,low_signal_counterfactual_shift,0.1,active_view_affordance_probe,0.05555555555555555,0.5,0.125,0.0,0.2799189844220452,0.17762471090456833
5,low_signal_counterfactual_shift,0.1,causal_counterfactual_affordance_planner_v5,0.0,0.0,0.0,0.0,0.0,0.0
5,low_signal_counterfactual_shift,0.1,diffusion_affordance_sampler,0.0,0.0,0.0,0.0,0.0,0.0
5,low_signal_counterfactual_shift,0.1,ensemble_uncertainty_affordance,0.0,0.0,0.0,0.0,0.0,0.0
5,low_signal_counterfactual_shift,0.1,interactive_affordance_probe,0.3194444444444444,0.34782608695652173,0.2608695652173913,0.0,0.2595876035839217,-0.10524593120439737
5,low_signal_counterfactual_shift,0.1,robust_mpc_affordance_planner,0.125,0.1111111111111111,0.05555555555555555,0.05555555555555555,0.2988142537515448,-0.20306331095941466
5,low_signal_counterfactual_shift,0.15,active_view_affordance_probe,0.3611111111111111,0.3076923076923077,0.23076923076923078,0.057692307692307696,0.2897226221019108,-0.17923783547133754
5,low_signal_counterfactual_shift,0.15,causal_counterfactual_affordance_planner_v5,0.041666666666666664,0.3333333333333333,0.0,0.0,0.3141286503047135,0.12447794478670056
5,low_signal_counterfactual_shift,0.15,diffusion_affordance_sampler,0.0,0.0,0.0,0.0,0.0,0.0
5,low_signal_counterfactual_shift,0.15,ensemble_uncertainty_affordance,0.013888888888888888,0.5,0.0,0.0,0.4201034212521785,0.2240636051234751
5,low_signal_counterfactual_shift,0.15,interactive_affordance_probe,0.7013888888888888,0.3069306930693069,0.26732673267326734,0.009900990099009901,0.26162692831423606,-0.16426708744372756
5,low_signal_counterfactual_shift,0.15,robust_mpc_affordance_planner,0.5555555555555556,0.1875,0.1875,0.025,0.29819724160548255,-0.21692306912383774
6,combined_counterfactual_stress,0.0,active_view_affordance_probe,0.0,0.0,0.0,0.0,0.0,0.0
6,combined_counterfactual_stress,0.0,causal_counterfactual_affordance_planner_v5,0.0,0.0,0.0,0.0,0.0,0.0
6,combined_counterfactual_stress,0.0,diffusion_affordance_sampler,0.0,0.0,0.0,0.0,0.0,0.0
6,combined_counterfactual_stress,0.0,ensemble_uncertainty_affordance,0.0,0.0,0.0,0.0,0.0,0.0
6,combined_counterfactual_stress,0.0,interactive_affordance_probe,0.006944444444444444,0.0,1.0,0.0,0.24301007928530666,-1.1388590554997147
6,combined_counterfactual_stress,0.0,robust_mpc_affordance_planner,0.0,0.0,0.0,0.0,0.0,0.0
6,combined_counterfactual_stress,0.05,active_view_affordance_probe,0.0,0.0,0.0,0.0,0.0,0.0
6,combined_counterfactual_stress,0.05,causal_counterfactual_affordance_planner_v5,0.0,0.0,0.0,0.0,0.0,0.0
6,combined_counterfactual_stress,0.05,diffusion_affordance_sampler,0.0,0.0,0.0,0.0,0.0,0.0
6,combined_counterfactual_stress,0.05,ensemble_uncertainty_affordance,0.0,0.0,0.0,0.0,0.0,0.0
6,combined_counterfactual_stress,0.05,interactive_affordance_probe,0.020833333333333332,0.3333333333333333,0.3333333333333333,0.0,0.25794306006438633,-0.18597880871173708
6,combined_counterfactual_stress,0.05,robust_mpc_affordance_planner,0.0,0.0,0.0,0.0,0.0,0.0
6,combined_counterfactual_stress,0.1,active_view_affordance_probe,0.013888888888888888,0.5,0.0,0.0,0.31830518138777,0.2657543730285611
6,combined_counterfactual_stress,0.1,causal_counterfactual_affordance_planner_v5,0.0,0.0,0.0,0.0,0.0,0.0
6,combined_counterfactual_stress,0.1,diffusion_affordance_sampler,0.0,0.0,0.0,0.0,0.0,0.0
6,combined_counterfactual_stress,0.1,ensemble_uncertainty_affordance,0.0,0.0,0.0,0.0,0.0,0.0
6,combined_counterfactual_stress,0.1,interactive_affordance_probe,0.1736111111111111,0.16,0.2,0.04,0.2603129842390846,-0.2821710889673592
6,combined_counterfactual_stress,0.1,robust_mpc_affordance_planner,0.027777777777777776,0.0,0.0,0.0,0.2901922599395357,-0.213694581957675
6,combined_counterfactual_stress,0.15,active_view_affordance_probe,0.1527777777777778,0.18181818181818182,0.45454545454545453,0.18181818181818182,0.2971179305847158,-0.6316872786820283
6,combined_counterfactual_stress,0.15,causal_counterfactual_affordance_planner_v5,0.0,0.0,0.0,0.0,0.0,0.0
6,combined_counterfactual_stress,0.15,diffusion_affordance_sampler,0.0,0.0,0.0,0.0,0.0,0.0
6,combined_counterfactual_stress,0.15,ensemble_uncertainty_affordance,0.0,0.0,0.0,0.0,0.0,0.0
6,combined_counterfactual_stress,0.15,interactive_affordance_probe,0.5625,0.2962962962962963,0.30864197530864196,0.012345679012345678,0.2721585998113288,-0.22296672357163386
6,combined_counterfactual_stress,0.15,robust_mpc_affordance_planner,0.24305555555555555,0.17142857142857143,0.2571428571428571,0.02857142857142857,0.3029084798229974,-0.30431022159038384
6,low_signal_counterfactual_shift,0.0,active_view_affordance_probe,0.0,0.0,0.0,0.0,0.0,0.0
6,low_signal_counterfactual_shift,0.0,causal_counterfactual_affordance_planner_v5,0.0,0.0,0.0,0.0,0.0,0.0
6,low_signal_counterfactual_shift,0.0,diffusion_affordance_sampler,0.0,0.0,0.0,0.0,0.0,0.0
6,low_signal_counterfactual_shift,0.0,ensemble_uncertainty_affordance,0.0,0.0,0.0,0.0,0.0,0.0
6,low_signal_counterfactual_shift,0.0,interactive_affordance_probe,0.0,0.0,0.0,0.0,0.0,0.0
6,low_signal_counterfactual_shift,0.0,robust_mpc_affordance_planner,0.0,0.0,0.0,0.0,0.0,0.0
6,low_signal_counterfactual_shift,0.05,active_view_affordance_probe,0.0,0.0,0.0,0.0,0.0,0.0
6,low_signal_counterfactual_shift,0.05,causal_counterfactual_affordance_planner_v5,0.0,0.0,0.0,0.0,0.0,0.0
6,low_signal_counterfactual_shift,0.05,diffusion_affordance_sampler,0.0,0.0,0.0,0.0,0.0,0.0
6,low_signal_counterfactual_shift,0.05,ensemble_uncertainty_affordance,0.0,0.0,0.0,0.0,0.0,0.0
6,low_signal_counterfactual_shift,0.05,interactive_affordance_probe,0.027777777777777776,0.25,0.25,0.0,0.2582475639184736,-0.19702529474293143
6,low_signal_counterfactual_shift,0.05,robust_mpc_affordance_planner,0.0,0.0,0.0,0.0,0.0,0.0
6,low_signal_counterfactual_shift,0.1,active_view_affordance_probe,0.041666666666666664,0.6666666666666666,0.16666666666666666,0.0,0.2621701854118635,0.3267155368783622
6,low_signal_counterfactual_shift,0.1,causal_counterfactual_affordance_planner_v5,0.0,0.0,0.0,0.0,0.0,0.0
6,low_signal_counterfactual_shift,0.1,diffusion_affordance_sampler,0.0,0.0,0.0,0.0,0.0,0.0
6,low_signal_counterfactual_shift,0.1,ensemble_uncertainty_affordance,0.0,0.0,0.0,0.0,0.0,0.0
6,low_signal_counterfactual_shift,0.1,interactive_affordance_probe,0.3263888888888889,0.14893617021276595,0.2127659574468085,0.0425531914893617,0.2629032311961679,-0.3095927724756154
6,low_signal_counterfactual_shift,0.1,robust_mpc_affordance_planner,0.16666666666666666,0.2916666666666667,0.20833333333333334,0.041666666666666664,0.29023449160410597,-0.13580747745620747
6,low_signal_counterfactual_shift,0.15,active_view_affordance_probe,0.3611111111111111,0.40384615384615385,0.25,0.019230769230769232,0.2798195529152132,-0.055190302425264605
6,low_signal_counterfactual_shift,0.15,causal_counterfactual_affordance_planner_v5,0.020833333333333332,0.0,0.3333333333333333,0.3333333333333333,0.2985045613738637,-0.8145851929617046
6,low_signal_counterfactual_shift,0.15,diffusion_affordance_sampler,0.0,0.0,0.0,0.0,0.0,0.0
6,low_signal_counterfactual_shift,0.15,ensemble_uncertainty_affordance,0.0,0.0,0.0,0.0,0.0,0.0
6,low_signal_counterfactual_shift,0.15,interactive_affordance_probe,0.7708333333333334,0.2702702702702703,0.24324324324324326,0.04504504504504504,0.2635151051380372,-0.21285221323626569
6,low_signal_counterfactual_shift,0.15,robust_mpc_affordance_planner,0.5347222222222222,0.37662337662337664,0.22077922077922077,0.025974025974025976,0.2915798295497641,-0.0451853612043154
7,combined_counterfactual_stress,0.0,active_view_affordance_probe,0.0,0.0,0.0,0.0,0.0,0.0
7,combined_counterfactual_stress,0.0,causal_counterfactual_affordance_planner_v5,0.0,0.0,0.0,0.0,0.0,0.0
7,combined_counterfactual_stress,0.0,diffusion_affordance_sampler,0.0,0.0,0.0,0.0,0.0,0.0
7,combined_counterfactual_stress,0.0,ensemble_uncertainty_affordance,0.0,0.0,0.0,0.0,0.0,0.0
7,combined_counterfactual_stress,0.0,interactive_affordance_probe,0.0,0.0,0.0,0.0,0.0,0.0
7,combined_counterfactual_stress,0.0,robust_mpc_affordance_planner,0.0,0.0,0.0,0.0,0.0,0.0
7,combined_counterfactual_stress,0.05,active_view_affordance_probe,0.0,0.0,0.0,0.0,0.0,0.0
7,combined_counterfactual_stress,0.05,causal_counterfactual_affordance_planner_v5,0.0,0.0,0.0,0.0,0.0,0.0
7,combined_counterfactual_stress,0.05,diffusion_affordance_sampler,0.0,0.0,0.0,0.0,0.0,0.0
7,combined_counterfactual_stress,0.05,ensemble_uncertainty_affordance,0.0,0.0,0.0,0.0,0.0,0.0
7,combined_counterfactual_stress,0.05,interactive_affordance_probe,0.006944444444444444,0.0,0.0,0.0,0.2600922412028562,-0.2308165688419993
7,combined_counterfactual_stress,0.05,robust_mpc_affordance_planner,0.0,0.0,0.0,0.0,0.0,0.0
7,combined_counterfactual_stress,0.1,active_view_affordance_probe,0.013888888888888888,0.0,0.0,0.0,0.31117648430616673,-0.25425553901431674
7,combined_counterfactual_stress,0.1,causal_counterfactual_affordance_planner_v5,0.0,0.0,0.0,0.0,0.0,0.0
7,combined_counterfactual_stress,0.1,diffusion_affordance_sampler,0.0,0.0,0.0,0.0,0.0,0.0
7,combined_counterfactual_stress,0.1,ensemble_uncertainty_affordance,0.0,0.0,0.0,0.0,0.0,0.0
7,combined_counterfactual_stress,0.1,interactive_affordance_probe,0.125,0.3888888888888889,0.1111111111111111,0.0,0.2633508200546742,0.07301353707283918
7,combined_counterfactual_stress,0.1,robust_mpc_affordance_planner,0.020833333333333332,0.6666666666666666,0.0,0.0,0.2789052825108313,0.4942063022424182
7,combined_counterfactual_stress,0.15,active_view_affordance_probe,0.13194444444444445,0.2631578947368421,0.15789473684210525,0.0,0.30322662500143277,-0.11763800592205553
7,combined_counterfactual_stress,0.15,causal_counterfactual_affordance_planner_v5,0.0,0.0,0.0,0.0,0.0,0.0
7,combined_counterfactual_stress,0.15,diffusion_affordance_sampler,0.0,0.0,0.0,0.0,0.0,0.0
7,combined_counterfactual_stress,0.15,ensemble_uncertainty_affordance,0.0,0.0,0.0,0.0,0.0,0.0
7,combined_counterfactual_stress,0.15,interactive_affordance_probe,0.5486111111111112,0.3291139240506329,0.27848101265822783,0.0379746835443038,0.2713569978873379,-0.18275253143252895
7,combined_counterfactual_stress,0.15,robust_mpc_affordance_planner,0.22916666666666666,0.21212121212121213,0.09090909090909091,0.0,0.29436918019580555,-0.07752751704615478
7,low_signal_counterfactual_shift,0.0,active_view_affordance_probe,0.0,0.0,0.0,0.0,0.0,0.0
7,low_signal_counterfactual_shift,0.0,causal_counterfactual_affordance_planner_v5,0.0,0.0,0.0,0.0,0.0,0.0
7,low_signal_counterfactual_shift,0.0,diffusion_affordance_sampler,0.0,0.0,0.0,0.0,0.0,0.0
7,low_signal_counterfactual_shift,0.0,ensemble_uncertainty_affordance,0.0,0.0,0.0,0.0,0.0,0.0
7,low_signal_counterfactual_shift,0.0,interactive_affordance_probe,0.0,0.0,0.0,0.0,0.0,0.0
7,low_signal_counterfactual_shift,0.0,robust_mpc_affordance_planner,0.0,0.0,0.0,0.0,0.0,0.0
7,low_signal_counterfactual_shift,0.05,active_view_affordance_probe,0.0,0.0,0.0,0.0,0.0,0.0
7,low_signal_counterfactual_shift,0.05,causal_counterfactual_affordance_planner_v5,0.0,0.0,0.0,0.0,0.0,0.0
7,low_signal_counterfactual_shift,0.05,diffusion_affordance_sampler,0.0,0.0,0.0,0.0,0.0,0.0
7,low_signal_counterfactual_shift,0.05,ensemble_uncertainty_affordance,0.0,0.0,0.0,0.0,0.0,0.0
7,low_signal_counterfactual_shift,0.05,interactive_affordance_probe,0.0625,0.1111111111111111,0.5555555555555556,0.0,0.25240277459087035,-0.6198783866580535
7,low_signal_counterfactual_shift,0.05,robust_mpc_affordance_planner,0.006944444444444444,0.0,0.0,0.0,0.24088135386785958,-0.1791769477075017
7,low_signal_counterfactual_shift,0.1,active_view_affordance_probe,0.04861111111111111,0.2857142857142857,0.2857142857142857,0.0,0.29151315134327005,-0.20334834879743188
7,low_signal_counterfactual_shift,0.1,causal_counterfactual_affordance_planner_v5,0.0,0.0,0.0,0.0,0.0,0.0
7,low_signal_counterfactual_shift,0.1,diffusion_affordance_sampler,0.0,0.0,0.0,0.0,0.0,0.0
7,low_signal_counterfactual_shift,0.1,ensemble_uncertainty_affordance,0.0,0.0,0.0,0.0,0.0,0.0
7,low_signal_counterfactual_shift,0.1,interactive_affordance_probe,0.3263888888888889,0.2765957446808511,0.2765957446808511,0.0,0.2566896977356042,-0.1924773416064123
7,low_signal_counterfactual_shift,0.1,robust_mpc_affordance_planner,0.1388888888888889,0.35,0.15,0.0,0.28027938153332077,0.022744432926675467
7,low_signal_counterfactual_shift,0.15,active_view_affordance_probe,0.3541666666666667,0.3137254901960784,0.3333333333333333,0.0392156862745098,0.29028856276183884,-0.25139869981564006
7,low_signal_counterfactual_shift,0.15,causal_counterfactual_affordance_planner_v5,0.027777777777777776,0.25,0.75,0.0,0.3307650013754986,-0.6646675009628491
7,low_signal_counterfactual_shift,0.15,diffusion_affordance_sampler,0.0,0.0,0.0,0.0,0.0,0.0
7,low_signal_counterfactual_shift,0.15,ensemble_uncertainty_affordance,0.034722222222222224,0.2,0.2,0.0,0.3774162459485144,-0.24505537216396006
7,low_signal_counterfactual_shift,0.15,interactive_affordance_probe,0.7361111111111112,0.33962264150943394,0.24528301886792453,0.009433962264150943,0.26214134204111966,-0.10960942999482148
7,low_signal_counterfactual_shift,0.15,robust_mpc_affordance_planner,0.5069444444444444,0.273972602739726,0.2054794520547945,0.0136986301369863,0.2931621872660079,-0.12919818862045207
8,combined_counterfactual_stress,0.0,active_view_affordance_probe,0.0,0.0,0.0,0.0,0.0,0.0
8,combined_counterfactual_stress,0.0,causal_counterfactual_affordance_planner_v5,0.0,0.0,0.0,0.0,0.0,0.0
8,combined_counterfactual_stress,0.0,diffusion_affordance_sampler,0.0,0.0,0.0,0.0,0.0,0.0
8,combined_counterfactual_stress,0.0,ensemble_uncertainty_affordance,0.0,0.0,0.0,0.0,0.0,0.0
8,combined_counterfactual_stress,0.0,interactive_affordance_probe,0.0,0.0,0.0,0.0,0.0,0.0
8,combined_counterfactual_stress,0.0,robust_mpc_affordance_planner,0.0,0.0,0.0,0.0,0.0,0.0
8,combined_counterfactual_stress,0.05,active_view_affordance_probe,0.0,0.0,0.0,0.0,0.0,0.0
8,combined_counterfactual_stress,0.05,causal_counterfactual_affordance_planner_v5,0.0,0.0,0.0,0.0,0.0,0.0
8,combined_counterfactual_stress,0.05,diffusion_affordance_sampler,0.0,0.0,0.0,0.0,0.0,0.0
8,combined_counterfactual_stress,0.05,ensemble_uncertainty_affordance,0.0,0.0,0.0,0.0,0.0,0.0
8,combined_counterfactual_stress,0.05,interactive_affordance_probe,0.0,0.0,0.0,0.0,0.0,0.0
8,combined_counterfactual_stress,0.05,robust_mpc_affordance_planner,0.0,0.0,0.0,0.0,0.0,0.0
8,combined_counterfactual_stress,0.1,active_view_affordance_probe,0.020833333333333332,0.0,0.3333333333333333,0.0,0.2665132988707982,-0.5296579758762254
8,combined_counterfactual_stress,0.1,causal_counterfactual_affordance_planner_v5,0.0,0.0,0.0,0.0,0.0,0.0
8,combined_counterfactual_stress,0.1,diffusion_affordance_sampler,0.0,0.0,0.0,0.0,0.0,0.0
8,combined_counterfactual_stress,0.1,ensemble_uncertainty_affordance,0.0,0.0,0.0,0.0,0.0,0.0
8,combined_counterfactual_stress,0.1,interactive_affordance_probe,0.22916666666666666,0.30303030303030304,0.15151515151515152,0.0,0.2699575519626006,-0.05893440758594156
8,combined_counterfactual_stress,0.1,robust_mpc_affordance_planner,0.041666666666666664,0.3333333333333333,0.0,0.0,0.2890802818408658,0.13708380271139395
8,combined_counterfactual_stress,0.15,active_view_affordance_probe,0.1597222222222222,0.17391304347826086,0.30434782608695654,0.043478260869565216,0.30495467594160064,-0.3855524470721638
8,combined_counterfactual_stress,0.15,causal_counterfactual_affordance_planner_v5,0.020833333333333332,0.6666666666666666,0.0,0.3333333333333333,0.32082436504327266,0.17645761113637584
8,combined_counterfactual_stress,0.15,diffusion_affordance_sampler,0.0,0.0,0.0,0.0,0.0,0.0
8,combined_counterfactual_stress,0.15,ensemble_uncertainty_affordance,0.0,0.0,0.0,0.0,0.0,0.0
8,combined_counterfactual_stress,0.15,interactive_affordance_probe,0.5416666666666666,0.3076923076923077,0.21794871794871795,0.01282051282051282,0.2692951859240251,-0.12597657886476626
8,combined_counterfactual_stress,0.15,robust_mpc_affordance_planner,0.3263888888888889,0.3829787234042553,0.19148936170212766,0.06382978723404255,0.2999498088549111,-0.05073763215588454
8,low_signal_counterfactual_shift,0.0,active_view_affordance_probe,0.0,0.0,0.0,0.0,0.0,0.0
8,low_signal_counterfactual_shift,0.0,causal_counterfactual_affordance_planner_v5,0.0,0.0,0.0,0.0,0.0,0.0
8,low_signal_counterfactual_shift,0.0,diffusion_affordance_sampler,0.0,0.0,0.0,0.0,0.0,0.0
8,low_signal_counterfactual_shift,0.0,ensemble_uncertainty_affordance,0.0,0.0,0.0,0.0,0.0,0.0
8,low_signal_counterfactual_shift,0.0,interactive_affordance_probe,0.0,0.0,0.0,0.0,0.0,0.0
8,low_signal_counterfactual_shift,0.0,robust_mpc_affordance_planner,0.0,0.0,0.0,0.0,0.0,0.0
8,low_signal_counterfactual_shift,0.05,active_view_affordance_probe,0.006944444444444444,0.0,0.0,0.0,0.27438545380232815,-0.2285018176616297
8,low_signal_counterfactual_shift,0.05,causal_counterfactual_affordance_planner_v5,0.0,0.0,0.0,0.0,0.0,0.0
8,low_signal_counterfactual_shift,0.05,diffusion_affordance_sampler,0.0,0.0,0.0,0.0,0.0,0.0
8,low_signal_counterfactual_shift,0.05,ensemble_uncertainty_affordance,0.0,0.0,0.0,0.0,0.0,0.0
8,low_signal_counterfactual_shift,0.05,interactive_affordance_probe,0.0763888888888889,0.2727272727272727,0.09090909090909091,0.0,0.2615506451802665,-0.029110178898913822
8,low_signal_counterfactual_shift,0.05,robust_mpc_affordance_planner,0.006944444444444444,0.0,0.0,0.0,0.292531707671142,-0.21533219536979942
8,low_signal_counterfactual_shift,0.1,active_view_affordance_probe,0.020833333333333332,0.3333333333333333,0.3333333333333333,0.0,0.29889787142491064,-0.20232717666410407
8,low_signal_counterfactual_shift,0.1,causal_counterfactual_affordance_planner_v5,0.0,0.0,0.0,0.0,0.0,0.0
8,low_signal_counterfactual_shift,0.1,diffusion_affordance_sampler,0.0,0.0,0.0,0.0,0.0,0.0
8,low_signal_counterfactual_shift,0.1,ensemble_uncertainty_affordance,0.0,0.0,0.0,0.0,0.0,0.0
8,low_signal_counterfactual_shift,0.1,interactive_affordance_probe,0.3611111111111111,0.28846153846153844,0.09615384615384616,0.0,0.2612537319346279,-0.01720653543116258
8,low_signal_counterfactual_shift,0.1,robust_mpc_affordance_planner,0.10416666666666667,0.4,0.3333333333333333,0.0,0.28193213728913247,-0.09457916276905945
8,low_signal_counterfactual_shift,0.15,active_view_affordance_probe,0.3263888888888889,0.23404255319148937,0.19148936170212766,0.0,0.2879270685663922,-0.16840647991136815
8,low_signal_counterfactual_shift,0.15,causal_counterfactual_affordance_planner_v5,0.027777777777777776,0.25,0.0,0.0,0.3434353332326545,0.01646326673714188
8,low_signal_counterfactual_shift,0.15,diffusion_affordance_sampler,0.0,0.0,0.0,0.0,0.0,0.0
8,low_signal_counterfactual_shift,0.15,ensemble_uncertainty_affordance,0.027777777777777776,0.0,0.25,0.25,0.37938483296458675,-0.7224333830752108
8,low_signal_counterfactual_shift,0.15,interactive_affordance_probe,0.8125,0.27350427350427353,0.13675213675213677,0.017094017094017096,0.270882294197562,-0.09204481961350704
8,low_signal_counterfactual_shift,0.15,robust_mpc_affordance_planner,0.4930555555555556,0.2535211267605634,0.2112676056338028,0.028169014084507043,0.29301964096578337,-0.16863149515492157
9,combined_counterfactual_stress,0.0,active_view_affordance_probe,0.0,0.0,0.0,0.0,0.0,0.0
9,combined_counterfactual_stress,0.0,causal_counterfactual_affordance_planner_v5,0.0,0.0,0.0,0.0,0.0,0.0
9,combined_counterfactual_stress,0.0,diffusion_affordance_sampler,0.0,0.0,0.0,0.0,0.0,0.0
9,combined_counterfactual_stress,0.0,ensemble_uncertainty_affordance,0.0,0.0,0.0,0.0,0.0,0.0
9,combined_counterfactual_stress,0.0,interactive_affordance_probe,0.0,0.0,0.0,0.0,0.0,0.0
9,combined_counterfactual_stress,0.0,robust_mpc_affordance_planner,0.0,0.0,0.0,0.0,0.0,0.0
9,combined_counterfactual_stress,0.05,active_view_affordance_probe,0.0,0.0,0.0,0.0,0.0,0.0
9,combined_counterfactual_stress,0.05,causal_counterfactual_affordance_planner_v5,0.0,0.0,0.0,0.0,0.0,0.0
9,combined_counterfactual_stress,0.05,diffusion_affordance_sampler,0.0,0.0,0.0,0.0,0.0,0.0
9,combined_counterfactual_stress,0.05,ensemble_uncertainty_affordance,0.0,0.0,0.0,0.0,0.0,0.0
9,combined_counterfactual_stress,0.05,interactive_affordance_probe,0.0,0.0,0.0,0.0,0.0,0.0
9,combined_counterfactual_stress,0.05,robust_mpc_affordance_planner,0.0,0.0,0.0,0.0,0.0,0.0
9,combined_counterfactual_stress,0.1,active_view_affordance_probe,0.0,0.0,0.0,0.0,0.0,0.0
9,combined_counterfactual_stress,0.1,causal_counterfactual_affordance_planner_v5,0.0,0.0,0.0,0.0,0.0,0.0
9,combined_counterfactual_stress,0.1,diffusion_affordance_sampler,0.0,0.0,0.0,0.0,0.0,0.0
9,combined_counterfactual_stress,0.1,ensemble_uncertainty_affordance,0.0,0.0,0.0,0.0,0.0,0.0
9,combined_counterfactual_stress,0.1,interactive_affordance_probe,0.1388888888888889,0.3,0.1,0.05,0.2822108269779278,-0.06729957888454942
9,combined_counterfactual_stress,0.1,robust_mpc_affordance_planner,0.020833333333333332,0.0,0.0,0.0,0.2784416785673532,-0.20546917499714723
9,combined_counterfactual_stress,0.15,active_view_affordance_probe,0.14583333333333334,0.3333333333333333,0.3333333333333333,0.09523809523809523,0.31237457640923033,-0.29557039396265167
9,combined_counterfactual_stress,0.15,causal_counterfactual_affordance_planner_v5,0.006944444444444444,0.0,1.0,1.0,0.3787206582620181,-2.0707364607834124
9,combined_counterfactual_stress,0.15,diffusion_affordance_sampler,0.0,0.0,0.0,0.0,0.0,0.0
9,combined_counterfactual_stress,0.15,ensemble_uncertainty_affordance,0.006944444444444444,0.0,0.0,0.0,0.3941645974618146,-0.2827792182232702
9,combined_counterfactual_stress,0.15,interactive_affordance_probe,0.5347222222222222,0.36363636363636365,0.14285714285714285,0.03896103896103896,0.27980816856767105,-0.028513821893473627
9,combined_counterfactual_stress,0.15,robust_mpc_affordance_planner,0.2708333333333333,0.3076923076923077,0.3333333333333333,0.0,0.2994399602014596,-0.20375771573076534
9,low_signal_counterfactual_shift,0.0,active_view_affordance_probe,0.0,0.0,0.0,0.0,0.0,0.0
9,low_signal_counterfactual_shift,0.0,causal_counterfactual_affordance_planner_v5,0.0,0.0,0.0,0.0,0.0,0.0
9,low_signal_counterfactual_shift,0.0,diffusion_affordance_sampler,0.0,0.0,0.0,0.0,0.0,0.0
9,low_signal_counterfactual_shift,0.0,ensemble_uncertainty_affordance,0.0,0.0,0.0,0.0,0.0,0.0
9,low_signal_counterfactual_shift,0.0,interactive_affordance_probe,0.006944444444444444,0.0,0.0,0.0,0.16461854413052268,-0.16398498089136587
9,low_signal_counterfactual_shift,0.0,robust_mpc_affordance_planner,0.0,0.0,0.0,0.0,0.0,0.0
9,low_signal_counterfactual_shift,0.05,active_view_affordance_probe,0.0,0.0,0.0,0.0,0.0,0.0
9,low_signal_counterfactual_shift,0.05,causal_counterfactual_affordance_planner_v5,0.0,0.0,0.0,0.0,0.0,0.0
9,low_signal_counterfactual_shift,0.05,diffusion_affordance_sampler,0.0,0.0,0.0,0.0,0.0,0.0
9,low_signal_counterfactual_shift,0.05,ensemble_uncertainty_affordance,0.0,0.0,0.0,0.0,0.0,0.0
9,low_signal_counterfactual_shift,0.05,interactive_affordance_probe,0.05555555555555555,0.0,0.375,0.0,0.24267218572957902,-0.5636225300107053
9,low_signal_counterfactual_shift,0.05,robust_mpc_affordance_planner,0.0,0.0,0.0,0.0,0.0,0.0
9,low_signal_counterfactual_shift,0.1,active_view_affordance_probe,0.027777777777777776,0.75,0.5,0.0,0.2864265155776262,0.0905694390956617
9,low_signal_counterfactual_shift,0.1,causal_counterfactual_affordance_planner_v5,0.0,0.0,0.0,0.0,0.0,0.0
9,low_signal_counterfactual_shift,0.1,diffusion_affordance_sampler,0.0,0.0,0.0,0.0,0.0,0.0
9,low_signal_counterfactual_shift,0.1,ensemble_uncertainty_affordance,0.0,0.0,0.0,0.0,0.0,0.0
9,low_signal_counterfactual_shift,0.1,interactive_affordance_probe,0.375,0.24074074074074073,0.18518518518518517,0.0,0.2567456240508255,-0.14606652942817042
9,low_signal_counterfactual_shift,0.1,robust_mpc_affordance_planner,0.11805555555555555,0.35294117647058826,0.11764705882352941,0.0,0.2956971058535145,0.04480496707901045
9,low_signal_counterfactual_shift,0.15,active_view_affordance_probe,0.3541666666666667,0.35294117647058826,0.2549019607843137,0.0784313725490196,0.2922984458864888,-0.17398208859113043
9,low_signal_counterfactual_shift,0.15,causal_counterfactual_affordance_planner_v5,0.013888888888888888,0.5,1.0,0.5,0.32111401978474063,-1.0654118138493185
9,low_signal_counterfactual_shift,0.15,diffusion_affordance_sampler,0.0,0.0,0.0,0.0,0.0,0.0
9,low_signal_counterfactual_shift,0.15,ensemble_uncertainty_affordance,0.0,0.0,0.0,0.0,0.0,0.0
9,low_signal_counterfactual_shift,0.15,interactive_affordance_probe,0.7430555555555556,0.2803738317757009,0.22429906542056074,0.04672897196261682,0.26490804744002144,-0.18727174535754765
9,low_signal_counterfactual_shift,0.15,robust_mpc_affordance_planner,0.5625,0.2962962962962963,0.12345679012345678,0.037037037037037035,0.28993996960003326,-0.048579707115085
