split,budget,comparison,metric,mean,ci95,lower95,upper95,better_seeds,n
low_signal_counterfactual_shift,0.0,causal_counterfactual_affordance_planner_v5_minus_interactive_affordance_probe,coverage,-0.0013888888888888887,0.0018148148148148145,-0.0032037037037037034,0.00042592592592592573,0,10
low_signal_counterfactual_shift,0.0,causal_counterfactual_affordance_planner_v5_minus_interactive_affordance_probe,accepted_success,-0.1,0.19599999999999998,-0.296,0.09599999999999997,0,10
low_signal_counterfactual_shift,0.0,causal_counterfactual_affordance_planner_v5_minus_interactive_affordance_probe,accepted_invalid_action,0.0,0.0,0.0,0.0,0,10
low_signal_counterfactual_shift,0.0,causal_counterfactual_affordance_planner_v5_minus_interactive_affordance_probe,accepted_damage_rate,0.0,0.0,0.0,0.0,0,10
low_signal_counterfactual_shift,0.0,causal_counterfactual_affordance_planner_v5_minus_interactive_affordance_probe,accepted_regret,-0.04202261389618465,0.05649558360333819,-0.09851819749952284,0.01447296970715354,2,10
low_signal_counterfactual_shift,0.0,causal_counterfactual_affordance_planner_v5_minus_interactive_affordance_probe,accepted_utility,-0.06583377027267075,0.16781446502606726,-0.23364823529873802,0.10198069475339651,1,10
low_signal_counterfactual_shift,0.0,causal_counterfactual_affordance_planner_v5_minus_active_view_affordance_probe,coverage,0.0,0.0,0.0,0.0,0,10
low_signal_counterfactual_shift,0.0,causal_counterfactual_affordance_planner_v5_minus_active_view_affordance_probe,accepted_success,0.0,0.0,0.0,0.0,0,10
low_signal_counterfactual_shift,0.0,causal_counterfactual_affordance_planner_v5_minus_active_view_affordance_probe,accepted_invalid_action,0.0,0.0,0.0,0.0,0,10
low_signal_counterfactual_shift,0.0,causal_counterfactual_affordance_planner_v5_minus_active_view_affordance_probe,accepted_damage_rate,0.0,0.0,0.0,0.0,0,10
low_signal_counterfactual_shift,0.0,causal_counterfactual_affordance_planner_v5_minus_active_view_affordance_probe,accepted_regret,0.0,0.0,0.0,0.0,0,10
low_signal_counterfactual_shift,0.0,causal_counterfactual_affordance_planner_v5_minus_active_view_affordance_probe,accepted_utility,0.0,0.0,0.0,0.0,0,10
low_signal_counterfactual_shift,0.0,causal_counterfactual_affordance_planner_v5_minus_robust_mpc_affordance_planner,coverage,0.0,0.0,0.0,0.0,0,10
low_signal_counterfactual_shift,0.0,causal_counterfactual_affordance_planner_v5_minus_robust_mpc_affordance_planner,accepted_success,0.0,0.0,0.0,0.0,0,10
low_signal_counterfactual_shift,0.0,causal_counterfactual_affordance_planner_v5_minus_robust_mpc_affordance_planner,accepted_invalid_action,0.0,0.0,0.0,0.0,0,10
low_signal_counterfactual_shift,0.0,causal_counterfactual_affordance_planner_v5_minus_robust_mpc_affordance_planner,accepted_damage_rate,0.0,0.0,0.0,0.0,0,10
low_signal_counterfactual_shift,0.0,causal_counterfactual_affordance_planner_v5_minus_robust_mpc_affordance_planner,accepted_regret,0.0,0.0,0.0,0.0,0,10
low_signal_counterfactual_shift,0.0,causal_counterfactual_affordance_planner_v5_minus_robust_mpc_affordance_planner,accepted_utility,0.0,0.0,0.0,0.0,0,10
low_signal_counterfactual_shift,0.0,causal_counterfactual_affordance_planner_v5_minus_ensemble_uncertainty_affordance,coverage,0.0,0.0,0.0,0.0,0,10
low_signal_counterfactual_shift,0.0,causal_counterfactual_affordance_planner_v5_minus_ensemble_uncertainty_affordance,accepted_success,0.0,0.0,0.0,0.0,0,10
low_signal_counterfactual_shift,0.0,causal_counterfactual_affordance_planner_v5_minus_ensemble_uncertainty_affordance,accepted_invalid_action,0.0,0.0,0.0,0.0,0,10
low_signal_counterfactual_shift,0.0,causal_counterfactual_affordance_planner_v5_minus_ensemble_uncertainty_affordance,accepted_damage_rate,0.0,0.0,0.0,0.0,0,10
low_signal_counterfactual_shift,0.0,causal_counterfactual_affordance_planner_v5_minus_ensemble_uncertainty_affordance,accepted_regret,0.0,0.0,0.0,0.0,0,10
low_signal_counterfactual_shift,0.0,causal_counterfactual_affordance_planner_v5_minus_ensemble_uncertainty_affordance,accepted_utility,0.0,0.0,0.0,0.0,0,10
low_signal_counterfactual_shift,0.0,causal_counterfactual_affordance_planner_v5_minus_diffusion_affordance_sampler,coverage,0.0,0.0,0.0,0.0,0,10
low_signal_counterfactual_shift,0.0,causal_counterfactual_affordance_planner_v5_minus_diffusion_affordance_sampler,accepted_success,0.0,0.0,0.0,0.0,0,10
low_signal_counterfactual_shift,0.0,causal_counterfactual_affordance_planner_v5_minus_diffusion_affordance_sampler,accepted_invalid_action,0.0,0.0,0.0,0.0,0,10
low_signal_counterfactual_shift,0.0,causal_counterfactual_affordance_planner_v5_minus_diffusion_affordance_sampler,accepted_damage_rate,0.0,0.0,0.0,0.0,0,10
low_signal_counterfactual_shift,0.0,causal_counterfactual_affordance_planner_v5_minus_diffusion_affordance_sampler,accepted_regret,0.0,0.0,0.0,0.0,0,10
low_signal_counterfactual_shift,0.0,causal_counterfactual_affordance_planner_v5_minus_diffusion_affordance_sampler,accepted_utility,0.0,0.0,0.0,0.0,0,10
low_signal_counterfactual_shift,0.05,causal_counterfactual_affordance_planner_v5_minus_interactive_affordance_probe,coverage,-0.04652777777777778,0.011486860299211777,-0.058014638076989554,-0.035040917478566004,0,10
low_signal_counterfactual_shift,0.05,causal_counterfactual_affordance_planner_v5_minus_interactive_affordance_probe,accepted_success,-0.2606060606060606,0.12861027678396622,-0.3892163373900268,-0.1319957838220944,0,10
low_signal_counterfactual_shift,0.05,causal_counterfactual_affordance_planner_v5_minus_interactive_affordance_probe,accepted_invalid_action,-0.26714646464646463,0.0991363081422868,-0.36628277278875143,-0.16801015650417783,9,10
low_signal_counterfactual_shift,0.05,causal_counterfactual_affordance_planner_v5_minus_interactive_affordance_probe,accepted_damage_rate,0.0,0.0,0.0,0.0,0,10
low_signal_counterfactual_shift,0.05,causal_counterfactual_affordance_planner_v5_minus_interactive_affordance_probe,accepted_regret,-0.25339451488392467,0.010903778510499484,-0.2642982933944242,-0.2424907363734252,10,10
low_signal_counterfactual_shift,0.05,causal_counterfactual_affordance_planner_v5_minus_interactive_affordance_probe,accepted_utility,0.19826654425713106,0.18604483530792965,0.01222170894920141,0.3843113795650607,7,10
low_signal_counterfactual_shift,0.05,causal_counterfactual_affordance_planner_v5_minus_active_view_affordance_probe,coverage,-0.0027777777777777775,0.0022226851369699205,-0.005000462914747698,-0.000555092640807857,0,10
low_signal_counterfactual_shift,0.05,causal_counterfactual_affordance_planner_v5_minus_active_view_affordance_probe,accepted_success,-0.3,0.29939494540378153,-0.5993949454037815,-0.0006050545962184573,0,10
low_signal_counterfactual_shift,0.05,causal_counterfactual_affordance_planner_v5_minus_active_view_affordance_probe,accepted_invalid_action,-0.1,0.19599999999999998,-0.296,0.09599999999999997,1,10
low_signal_counterfactual_shift,0.05,causal_counterfactual_affordance_planner_v5_minus_active_view_affordance_probe,accepted_damage_rate,0.0,0.0,0.0,0.0,0,10
low_signal_counterfactual_shift,0.05,causal_counterfactual_affordance_planner_v5_minus_active_view_affordance_probe,accepted_regret,-0.10480830958964302,0.08439837592089315,-0.18920668551053615,-0.020409933668749866,4,10
low_signal_counterfactual_shift,0.05,causal_counterfactual_affordance_planner_v5_minus_active_view_affordance_probe,accepted_utility,-0.1350613832872499,0.23027567296479232,-0.3653370562520422,0.09521428967754242,2,10
low_signal_counterfactual_shift,0.05,causal_counterfactual_affordance_planner_v5_minus_robust_mpc_affordance_planner,coverage,-0.004861111111111112,0.0035435392048094997,-0.008404650315920612,-0.0013175719063016123,0,10
low_signal_counterfactual_shift,0.05,causal_counterfactual_affordance_planner_v5_minus_robust_mpc_affordance_planner,accepted_success,0.0,0.0,0.0,0.0,0,10
low_signal_counterfactual_shift,0.05,causal_counterfactual_affordance_planner_v5_minus_robust_mpc_affordance_planner,accepted_invalid_action,-0.05,0.09799999999999999,-0.148,0.04799999999999999,1,10
low_signal_counterfactual_shift,0.05,causal_counterfactual_affordance_planner_v5_minus_robust_mpc_affordance_planner,accepted_damage_rate,0.0,0.0,0.0,0.0,0,10
low_signal_counterfactual_shift,0.05,causal_counterfactual_affordance_planner_v5_minus_robust_mpc_affordance_planner,accepted_regret,-0.13282659535815827,0.08714938113988711,-0.2199759764980454,-0.04567721421827116,5,10
low_signal_counterfactual_shift,0.05,causal_counterfactual_affordance_planner_v5_minus_robust_mpc_affordance_planner,accepted_utility,0.1442586167507108,0.12745121354989836,0.01680740320081245,0.27170983030060913,5,10
low_signal_counterfactual_shift,0.05,causal_counterfactual_affordance_planner_v5_minus_ensemble_uncertainty_affordance,coverage,0.0,0.0,0.0,0.0,0,10
low_signal_counterfactual_shift,0.05,causal_counterfactual_affordance_planner_v5_minus_ensemble_uncertainty_affordance,accepted_success,0.0,0.0,0.0,0.0,0,10
low_signal_counterfactual_shift,0.05,causal_counterfactual_affordance_planner_v5_minus_ensemble_uncertainty_affordance,accepted_invalid_action,0.0,0.0,0.0,0.0,0,10
low_signal_counterfactual_shift,0.05,causal_counterfactual_affordance_planner_v5_minus_ensemble_uncertainty_affordance,accepted_damage_rate,0.0,0.0,0.0,0.0,0,10
low_signal_counterfactual_shift,0.05,causal_counterfactual_affordance_planner_v5_minus_ensemble_uncertainty_affordance,accepted_regret,0.0,0.0,0.0,0.0,0,10
low_signal_counterfactual_shift,0.05,causal_counterfactual_affordance_planner_v5_minus_ensemble_uncertainty_affordance,accepted_utility,0.0,0.0,0.0,0.0,0,10
low_signal_counterfactual_shift,0.05,causal_counterfactual_affordance_planner_v5_minus_diffusion_affordance_sampler,coverage,0.0,0.0,0.0,0.0,0,10
low_signal_counterfactual_shift,0.05,causal_counterfactual_affordance_planner_v5_minus_diffusion_affordance_sampler,accepted_success,0.0,0.0,0.0,0.0,0,10
low_signal_counterfactual_shift,0.05,causal_counterfactual_affordance_planner_v5_minus_diffusion_affordance_sampler,accepted_invalid_action,0.0,0.0,0.0,0.0,0,10
low_signal_counterfactual_shift,0.05,causal_counterfactual_affordance_planner_v5_minus_diffusion_affordance_sampler,accepted_damage_rate,0.0,0.0,0.0,0.0,0,10
low_signal_counterfactual_shift,0.05,causal_counterfactual_affordance_planner_v5_minus_diffusion_affordance_sampler,accepted_regret,0.0,0.0,0.0,0.0,0,10
low_signal_counterfactual_shift,0.05,causal_counterfactual_affordance_planner_v5_minus_diffusion_affordance_sampler,accepted_utility,0.0,0.0,0.0,0.0,0,10
low_signal_counterfactual_shift,0.1,causal_counterfactual_affordance_planner_v5_minus_interactive_affordance_probe,coverage,-0.33055555555555555,0.022337709171461755,-0.3528932647270173,-0.3082178463840938,0,10
low_signal_counterfactual_shift,0.1,causal_counterfactual_affordance_planner_v5_minus_interactive_affordance_probe,accepted_success,-0.2771046928539991,0.04228285316896693,-0.31938754602296604,-0.23482183968503215,0,10
low_signal_counterfactual_shift,0.1,causal_counterfactual_affordance_planner_v5_minus_interactive_affordance_probe,accepted_invalid_action,-0.19036756447718522,0.03682382842158316,-0.22719139289876839,-0.15354373605560206,10,10
low_signal_counterfactual_shift,0.1,causal_counterfactual_affordance_planner_v5_minus_interactive_affordance_probe,accepted_damage_rate,-0.014509272719263468,0.010274736154377089,-0.02478400887364056,-0.0042345365648863795,5,10
low_signal_counterfactual_shift,0.1,causal_counterfactual_affordance_planner_v5_minus_interactive_affordance_probe,accepted_regret,-0.26069309120211964,0.0027186028828219935,-0.26341169408494164,-0.25797448831929765,10,10
low_signal_counterfactual_shift,0.1,causal_counterfactual_affordance_planner_v5_minus_interactive_affordance_probe,accepted_utility,0.12818355565674694,0.060297104646018576,0.06788645101072836,0.1884806603027655,9,10
low_signal_counterfactual_shift,0.1,causal_counterfactual_affordance_planner_v5_minus_active_view_affordance_probe,coverage,-0.04513888888888889,0.008427172272493786,-0.053566061161382676,-0.0367117166163951,0,10
low_signal_counterfactual_shift,0.1,causal_counterfactual_affordance_planner_v5_minus_active_view_affordance_probe,accepted_success,-0.46547619047619043,0.09949646201428856,-0.564972652490479,-0.36597972846190185,0,10
low_signal_counterfactual_shift,0.1,causal_counterfactual_affordance_planner_v5_minus_active_view_affordance_probe,accepted_invalid_action,-0.2561507936507937,0.08698611788714015,-0.34313691153793385,-0.16916467576365352,10,10
low_signal_counterfactual_shift,0.1,causal_counterfactual_affordance_planner_v5_minus_active_view_affordance_probe,accepted_damage_rate,-0.01111111111111111,0.021777777777777778,-0.032888888888888884,0.010666666666666668,1,10
low_signal_counterfactual_shift,0.1,causal_counterfactual_affordance_planner_v5_minus_active_view_affordance_probe,accepted_regret,-0.2798990472594964,0.006870605492167416,-0.2867696527516638,-0.273028441767329,10,10
low_signal_counterfactual_shift,0.1,causal_counterfactual_affordance_planner_v5_minus_active_view_affordance_probe,accepted_utility,-0.010952158981844614,0.12637506532084708,-0.1373272243026917,0.11542290633900247,5,10
low_signal_counterfactual_shift,0.1,causal_counterfactual_affordance_planner_v5_minus_robust_mpc_affordance_planner,coverage,-0.1263888888888889,0.015690540867106268,-0.1420794297559952,-0.11069834802178265,0,10
low_signal_counterfactual_shift,0.1,causal_counterfactual_affordance_planner_v5_minus_robust_mpc_affordance_planner,accepted_success,-0.3263918597742127,0.06592337117578842,-0.3923152309500011,-0.2604684885984243,0,10
low_signal_counterfactual_shift,0.1,causal_counterfactual_affordance_planner_v5_minus_robust_mpc_affordance_planner,accepted_invalid_action,-0.15650772430184196,0.0494878511799364,-0.20599557548177835,-0.10701987312190556,10,10
low_signal_counterfactual_shift,0.1,causal_counterfactual_affordance_planner_v5_minus_robust_mpc_affordance_planner,accepted_damage_rate,-0.014267676767676768,0.014392594597229979,-0.028660271364906745,0.00012491782955321128,3,10
low_signal_counterfactual_shift,0.1,causal_counterfactual_affordance_planner_v5_minus_robust_mpc_affordance_planner,accepted_regret,-0.28751757098465086,0.0040664162579424,-0.29158398724259327,-0.28345115472670845,10,10
low_signal_counterfactual_shift,0.1,causal_counterfactual_affordance_planner_v5_minus_robust_mpc_affordance_planner,accepted_utility,0.025653508839582402,0.07174730211211856,-0.04609379327253616,0.09740081095170097,5,10
low_signal_counterfactual_shift,0.1,causal_counterfactual_affordance_planner_v5_minus_ensemble_uncertainty_affordance,coverage,0.0,0.0,0.0,0.0,0,10
low_signal_counterfactual_shift,0.1,causal_counterfactual_affordance_planner_v5_minus_ensemble_uncertainty_affordance,accepted_success,0.0,0.0,0.0,0.0,0,10
low_signal_counterfactual_shift,0.1,causal_counterfactual_affordance_planner_v5_minus_ensemble_uncertainty_affordance,accepted_invalid_action,0.0,0.0,0.0,0.0,0,10
low_signal_counterfactual_shift,0.1,causal_counterfactual_affordance_planner_v5_minus_ensemble_uncertainty_affordance,accepted_damage_rate,0.0,0.0,0.0,0.0,0,10
low_signal_counterfactual_shift,0.1,causal_counterfactual_affordance_planner_v5_minus_ensemble_uncertainty_affordance,accepted_regret,0.0,0.0,0.0,0.0,0,10
low_signal_counterfactual_shift,0.1,causal_counterfactual_affordance_planner_v5_minus_ensemble_uncertainty_affordance,accepted_utility,0.0,0.0,0.0,0.0,0,10
low_signal_counterfactual_shift,0.1,causal_counterfactual_affordance_planner_v5_minus_diffusion_affordance_sampler,coverage,0.0,0.0,0.0,0.0,0,10
low_signal_counterfactual_shift,0.1,causal_counterfactual_affordance_planner_v5_minus_diffusion_affordance_sampler,accepted_success,0.0,0.0,0.0,0.0,0,10
low_signal_counterfactual_shift,0.1,causal_counterfactual_affordance_planner_v5_minus_diffusion_affordance_sampler,accepted_invalid_action,0.0,0.0,0.0,0.0,0,10
low_signal_counterfactual_shift,0.1,causal_counterfactual_affordance_planner_v5_minus_diffusion_affordance_sampler,accepted_damage_rate,0.0,0.0,0.0,0.0,0,10
low_signal_counterfactual_shift,0.1,causal_counterfactual_affordance_planner_v5_minus_diffusion_affordance_sampler,accepted_regret,0.0,0.0,0.0,0.0,0,10
low_signal_counterfactual_shift,0.1,causal_counterfactual_affordance_planner_v5_minus_diffusion_affordance_sampler,accepted_utility,0.0,0.0,0.0,0.0,0,10
low_signal_counterfactual_shift,0.15,causal_counterfactual_affordance_planner_v5_minus_interactive_affordance_probe,coverage,-0.7305555555555555,0.02596834492746129,-0.7565239004830168,-0.7045872106280943,0,10
low_signal_counterfactual_shift,0.15,causal_counterfactual_affordance_planner_v5_minus_interactive_affordance_probe,accepted_success,-0.009123518264281478,0.15388545220256933,-0.1630089704668508,0.14476193393828785,4,10
low_signal_counterfactual_shift,0.15,causal_counterfactual_affordance_planner_v5_minus_interactive_affordance_probe,accepted_invalid_action,0.11269789784142459,0.2221147376367345,-0.10941683979530992,0.3348126354781591,5,10
low_signal_counterfactual_shift,0.15,causal_counterfactual_affordance_planner_v5_minus_interactive_affordance_probe,accepted_damage_rate,0.08753990996609999,0.11431992020984286,-0.026780010243742866,0.20185983017594283,7,10
low_signal_counterfactual_shift,0.15,causal_counterfactual_affordance_planner_v5_minus_interactive_affordance_probe,accepted_regret,0.025966104115969075,0.06518022354626624,-0.039214119430297165,0.09114632766223531,1,10
low_signal_counterfactual_shift,0.15,causal_counterfactual_affordance_planner_v5_minus_interactive_affordance_probe,accepted_utility,-0.16478995384295256,0.2570696923466714,-0.4218596461896239,0.09227973850371882,5,10
low_signal_counterfactual_shift,0.15,causal_counterfactual_affordance_planner_v5_minus_active_view_affordance_probe,coverage,-0.3090277777777778,0.016136806350836263,-0.32516458412861404,-0.29289097142694154,0,10
low_signal_counterfactual_shift,0.15,causal_counterfactual_affordance_planner_v5_minus_active_view_affordance_probe,accepted_success,-0.028497853128234142,0.16602709156645223,-0.19452494469468637,0.1375292384382181,5,10
low_signal_counterfactual_shift,0.15,causal_counterfactual_affordance_planner_v5_minus_active_view_affordance_probe,accepted_invalid_action,0.059600925895421916,0.23133311365114384,-0.1717321877557219,0.29093403954656577,5,10
low_signal_counterfactual_shift,0.15,causal_counterfactual_affordance_planner_v5_minus_active_view_affordance_probe,accepted_damage_rate,0.07065170205409457,0.11649645811897633,-0.04584475606488175,0.1871481601730709,6,10
low_signal_counterfactual_shift,0.15,causal_counterfactual_affordance_planner_v5_minus_active_view_affordance_probe,accepted_regret,0.0015060988962257381,0.06507353516096516,-0.06356743626473942,0.0665796340571909,1,10
low_signal_counterfactual_shift,0.15,causal_counterfactual_affordance_planner_v5_minus_active_view_affordance_probe,accepted_utility,-0.11662016464339527,0.288712416562704,-0.4053325812060993,0.17209225191930877,6,10
low_signal_counterfactual_shift,0.15,causal_counterfactual_affordance_planner_v5_minus_robust_mpc_affordance_planner,coverage,-0.507638888888889,0.02378809665618512,-0.5314269855450741,-0.48385079223270383,0,10
low_signal_counterfactual_shift,0.15,causal_counterfactual_affordance_planner_v5_minus_robust_mpc_affordance_planner,accepted_success,-0.002588972957539398,0.1924285823336766,-0.195017555291216,0.1898396093761372,4,10
low_signal_counterfactual_shift,0.15,causal_counterfactual_affordance_planner_v5_minus_robust_mpc_affordance_planner,accepted_invalid_action,0.12330558941044041,0.24269221181391665,-0.11938662240347624,0.36599780122435704,5,10
low_signal_counterfactual_shift,0.15,causal_counterfactual_affordance_planner_v5_minus_robust_mpc_affordance_planner,accepted_damage_rate,0.09195135257417661,0.11750075504569178,-0.025549402471515173,0.20945210761986838,7,10
low_signal_counterfactual_shift,0.15,causal_counterfactual_affordance_planner_v5_minus_robust_mpc_affordance_planner,accepted_regret,-0.0024072579864267475,0.06498169212764901,-0.06738895011407575,0.06257443414122227,2,10
low_signal_counterfactual_shift,0.15,causal_counterfactual_affordance_planner_v5_minus_robust_mpc_affordance_planner,accepted_utility,-0.18990047353779826,0.30318086793833593,-0.4930813414761342,0.11328039440053767,5,10
low_signal_counterfactual_shift,0.15,causal_counterfactual_affordance_planner_v5_minus_ensemble_uncertainty_affordance,coverage,0.0062499999999999995,0.00744129401737018,-0.0011912940173701807,0.01369129401737018,6,10
low_signal_counterfactual_shift,0.15,causal_counterfactual_affordance_planner_v5_minus_ensemble_uncertainty_affordance,accepted_success,0.09666666666666665,0.1804929819777209,-0.08382631531105425,0.2771596486443876,6,10
low_signal_counterfactual_shift,0.15,causal_counterfactual_affordance_planner_v5_minus_ensemble_uncertainty_affordance,accepted_invalid_action,0.030000000000000006,0.35587847558220775,-0.3258784755822077,0.3858784755822078,4,10
low_signal_counterfactual_shift,0.15,causal_counterfactual_affordance_planner_v5_minus_ensemble_uncertainty_affordance,accepted_damage_rate,-0.008333333333333349,0.2558888888888889,-0.26422222222222225,0.24755555555555553,2,10
low_signal_counterfactual_shift,0.15,causal_counterfactual_affordance_planner_v5_minus_ensemble_uncertainty_affordance,accepted_regret,-0.003617643015796229,0.12201289402668827,-0.1256305370424845,0.11839525101089204,7,10
low_signal_counterfactual_shift,0.15,causal_counterfactual_affordance_planner_v5_minus_ensemble_uncertainty_affordance,accepted_utility,0.08418808344439069,0.4445077260540311,-0.36031964260964044,0.5286958094984218,6,10
low_signal_counterfactual_shift,0.15,causal_counterfactual_affordance_planner_v5_minus_diffusion_affordance_sampler,coverage,0.022222222222222227,0.006668055410909761,0.015554166811312466,0.028890277633131987,9,10
low_signal_counterfactual_shift,0.15,causal_counterfactual_affordance_planner_v5_minus_diffusion_affordance_sampler,accepted_success,0.29166666666666663,0.1582639224074851,0.13340274425918153,0.44993058907415173,7,10
low_signal_counterfactual_shift,0.15,causal_counterfactual_affordance_planner_v5_minus_diffusion_affordance_sampler,accepted_invalid_action,0.3083333333333333,0.2336041021540715,0.07472923117926178,0.5419374354874048,0,10
low_signal_counterfactual_shift,0.15,causal_counterfactual_affordance_planner_v5_minus_diffusion_affordance_sampler,accepted_damage_rate,0.11666666666666665,0.11977777777777776,-0.003111111111111106,0.2364444444444444,0,10
low_signal_counterfactual_shift,0.15,causal_counterfactual_affordance_planner_v5_minus_diffusion_affordance_sampler,accepted_regret,0.2906779424511563,0.06423372423334454,0.22644421821781174,0.35491166668450086,0,10
low_signal_counterfactual_shift,0.15,causal_counterfactual_affordance_planner_v5_minus_diffusion_affordance_sampler,accepted_utility,-0.28862669304914274,0.2744789657768747,-0.5631056588260175,-0.01414772727226804,4,10
combined_counterfactual_stress,0.0,causal_counterfactual_affordance_planner_v5_minus_interactive_affordance_probe,coverage,-0.0006944444444444444,0.001361111111111111,-0.0020555555555555553,0.0006666666666666665,0,10
combined_counterfactual_stress,0.0,causal_counterfactual_affordance_planner_v5_minus_interactive_affordance_probe,accepted_success,0.0,0.0,0.0,0.0,0,10
combined_counterfactual_stress,0.0,causal_counterfactual_affordance_planner_v5_minus_interactive_affordance_probe,accepted_invalid_action,-0.1,0.19599999999999998,-0.296,0.09599999999999997,1,10
combined_counterfactual_stress,0.0,causal_counterfactual_affordance_planner_v5_minus_interactive_affordance_probe,accepted_damage_rate,0.0,0.0,0.0,0.0,0,10
combined_counterfactual_stress,0.0,causal_counterfactual_affordance_planner_v5_minus_interactive_affordance_probe,accepted_regret,-0.024301007928530665,0.0476299755399201,-0.07193098346845077,0.023328967611389435,1,10
combined_counterfactual_stress,0.0,causal_counterfactual_affordance_planner_v5_minus_interactive_affordance_probe,accepted_utility,0.11388590554997147,0.22321637487794407,-0.10933046932797261,0.33710228042791557,1,10
combined_counterfactual_stress,0.0,causal_counterfactual_affordance_planner_v5_minus_active_view_affordance_probe,coverage,0.0,0.0,0.0,0.0,0,10
combined_counterfactual_stress,0.0,causal_counterfactual_affordance_planner_v5_minus_active_view_affordance_probe,accepted_success,0.0,0.0,0.0,0.0,0,10
combined_counterfactual_stress,0.0,causal_counterfactual_affordance_planner_v5_minus_active_view_affordance_probe,accepted_invalid_action,0.0,0.0,0.0,0.0,0,10
combined_counterfactual_stress,0.0,causal_counterfactual_affordance_planner_v5_minus_active_view_affordance_probe,accepted_damage_rate,0.0,0.0,0.0,0.0,0,10
combined_counterfactual_stress,0.0,causal_counterfactual_affordance_planner_v5_minus_active_view_affordance_probe,accepted_regret,0.0,0.0,0.0,0.0,0,10
combined_counterfactual_stress,0.0,causal_counterfactual_affordance_planner_v5_minus_active_view_affordance_probe,accepted_utility,0.0,0.0,0.0,0.0,0,10
combined_counterfactual_stress,0.0,causal_counterfactual_affordance_planner_v5_minus_robust_mpc_affordance_planner,coverage,0.0,0.0,0.0,0.0,0,10
combined_counterfactual_stress,0.0,causal_counterfactual_affordance_planner_v5_minus_robust_mpc_affordance_planner,accepted_success,0.0,0.0,0.0,0.0,0,10
combined_counterfactual_stress,0.0,causal_counterfactual_affordance_planner_v5_minus_robust_mpc_affordance_planner,accepted_invalid_action,0.0,0.0,0.0,0.0,0,10
combined_counterfactual_stress,0.0,causal_counterfactual_affordance_planner_v5_minus_robust_mpc_affordance_planner,accepted_damage_rate,0.0,0.0,0.0,0.0,0,10
combined_counterfactual_stress,0.0,causal_counterfactual_affordance_planner_v5_minus_robust_mpc_affordance_planner,accepted_regret,0.0,0.0,0.0,0.0,0,10
combined_counterfactual_stress,0.0,causal_counterfactual_affordance_planner_v5_minus_robust_mpc_affordance_planner,accepted_utility,0.0,0.0,0.0,0.0,0,10
combined_counterfactual_stress,0.0,causal_counterfactual_affordance_planner_v5_minus_ensemble_uncertainty_affordance,coverage,0.0,0.0,0.0,0.0,0,10
combined_counterfactual_stress,0.0,causal_counterfactual_affordance_planner_v5_minus_ensemble_uncertainty_affordance,accepted_success,0.0,0.0,0.0,0.0,0,10
combined_counterfactual_stress,0.0,causal_counterfactual_affordance_planner_v5_minus_ensemble_uncertainty_affordance,accepted_invalid_action,0.0,0.0,0.0,0.0,0,10
combined_counterfactual_stress,0.0,causal_counterfactual_affordance_planner_v5_minus_ensemble_uncertainty_affordance,accepted_damage_rate,0.0,0.0,0.0,0.0,0,10
combined_counterfactual_stress,0.0,causal_counterfactual_affordance_planner_v5_minus_ensemble_uncertainty_affordance,accepted_regret,0.0,0.0,0.0,0.0,0,10
combined_counterfactual_stress,0.0,causal_counterfactual_affordance_planner_v5_minus_ensemble_uncertainty_affordance,accepted_utility,0.0,0.0,0.0,0.0,0,10
combined_counterfactual_stress,0.0,causal_counterfactual_affordance_planner_v5_minus_diffusion_affordance_sampler,coverage,0.0,0.0,0.0,0.0,0,10
combined_counterfactual_stress,0.0,causal_counterfactual_affordance_planner_v5_minus_diffusion_affordance_sampler,accepted_success,0.0,0.0,0.0,0.0,0,10
combined_counterfactual_stress,0.0,causal_counterfactual_affordance_planner_v5_minus_diffusion_affordance_sampler,accepted_invalid_action,0.0,0.0,0.0,0.0,0,10
combined_counterfactual_stress,0.0,causal_counterfactual_affordance_planner_v5_minus_diffusion_affordance_sampler,accepted_damage_rate,0.0,0.0,0.0,0.0,0,10
combined_counterfactual_stress,0.0,causal_counterfactual_affordance_planner_v5_minus_diffusion_affordance_sampler,accepted_regret,0.0,0.0,0.0,0.0,0,10
combined_counterfactual_stress,0.0,causal_counterfactual_affordance_planner_v5_minus_diffusion_affordance_sampler,accepted_utility,0.0,0.0,0.0,0.0,0,10
combined_counterfactual_stress,0.05,causal_counterfactual_affordance_planner_v5_minus_interactive_affordance_probe,coverage,-0.006944444444444445,0.005368294617997799,-0.012312739062442244,-0.0015761498264466461,0,10
combined_counterfactual_stress,0.05,causal_counterfactual_affordance_planner_v5_minus_interactive_affordance_probe,accepted_success,-0.08333333333333333,0.11157790834044896,-0.1949112416737823,0.028244575007115635,0,10
combined_counterfactual_stress,0.05,causal_counterfactual_affordance_planner_v5_minus_interactive_affordance_probe,accepted_invalid_action,-0.06666666666666667,0.08711111111111111,-0.1537777777777778,0.020444444444444446,2,10
combined_counterfactual_stress,0.05,causal_counterfactual_affordance_planner_v5_minus_interactive_affordance_probe,accepted_damage_rate,0.0,0.0,0.0,0.0,0,10
combined_counterfactual_stress,0.05,causal_counterfactual_affordance_planner_v5_minus_interactive_affordance_probe,accepted_regret,-0.127042529068492,0.08339659156260558,-0.2104391206310976,-0.043645937505886426,5,10
combined_counterfactual_stress,0.05,causal_counterfactual_affordance_planner_v5_minus_interactive_affordance_probe,accepted_utility,0.08713910368127772,0.14092656211895618,-0.05378745843767846,0.2280656658002339,4,10
combined_counterfactual_stress,0.05,causal_counterfactual_affordance_planner_v5_minus_active_view_affordance_probe,coverage,0.0,0.0,0.0,0.0,0,10
combined_counterfactual_stress,0.05,causal_counterfactual_affordance_planner_v5_minus_active_view_affordance_probe,accepted_success,0.0,0.0,0.0,0.0,0,10
combined_counterfactual_stress,0.05,causal_counterfactual_affordance_planner_v5_minus_active_view_affordance_probe,accepted_invalid_action,0.0,0.0,0.0,0.0,0,10
combined_counterfactual_stress,0.05,causal_counterfactual_affordance_planner_v5_minus_active_view_affordance_probe,accepted_damage_rate,0.0,0.0,0.0,0.0,0,10
combined_counterfactual_stress,0.05,causal_counterfactual_affordance_planner_v5_minus_active_view_affordance_probe,accepted_regret,0.0,0.0,0.0,0.0,0,10
combined_counterfactual_stress,0.05,causal_counterfactual_affordance_planner_v5_minus_active_view_affordance_probe,accepted_utility,0.0,0.0,0.0,0.0,0,10
combined_counterfactual_stress,0.05,causal_counterfactual_affordance_planner_v5_minus_robust_mpc_affordance_planner,coverage,0.0,0.0,0.0,0.0,0,10
combined_counterfactual_stress,0.05,causal_counterfactual_affordance_planner_v5_minus_robust_mpc_affordance_planner,accepted_success,0.0,0.0,0.0,0.0,0,10
combined_counterfactual_stress,0.05,causal_counterfactual_affordance_planner_v5_minus_robust_mpc_affordance_planner,accepted_invalid_action,0.0,0.0,0.0,0.0,0,10
combined_counterfactual_stress,0.05,causal_counterfactual_affordance_planner_v5_minus_robust_mpc_affordance_planner,accepted_damage_rate,0.0,0.0,0.0,0.0,0,10
combined_counterfactual_stress,0.05,causal_counterfactual_affordance_planner_v5_minus_robust_mpc_affordance_planner,accepted_regret,0.0,0.0,0.0,0.0,0,10
combined_counterfactual_stress,0.05,causal_counterfactual_affordance_planner_v5_minus_robust_mpc_affordance_planner,accepted_utility,0.0,0.0,0.0,0.0,0,10
combined_counterfactual_stress,0.05,causal_counterfactual_affordance_planner_v5_minus_ensemble_uncertainty_affordance,coverage,0.0,0.0,0.0,0.0,0,10
combined_counterfactual_stress,0.05,causal_counterfactual_affordance_planner_v5_minus_ensemble_uncertainty_affordance,accepted_success,0.0,0.0,0.0,0.0,0,10
combined_counterfactual_stress,0.05,causal_counterfactual_affordance_planner_v5_minus_ensemble_uncertainty_affordance,accepted_invalid_action,0.0,0.0,0.0,0.0,0,10
combined_counterfactual_stress,0.05,causal_counterfactual_affordance_planner_v5_minus_ensemble_uncertainty_affordance,accepted_damage_rate,0.0,0.0,0.0,0.0,0,10
combined_counterfactual_stress,0.05,causal_counterfactual_affordance_planner_v5_minus_ensemble_uncertainty_affordance,accepted_regret,0.0,0.0,0.0,0.0,0,10
combined_counterfactual_stress,0.05,causal_counterfactual_affordance_planner_v5_minus_ensemble_uncertainty_affordance,accepted_utility,0.0,0.0,0.0,0.0,0,10
combined_counterfactual_stress,0.05,causal_counterfactual_affordance_planner_v5_minus_diffusion_affordance_sampler,coverage,0.0,0.0,0.0,0.0,0,10
combined_counterfactual_stress,0.05,causal_counterfactual_affordance_planner_v5_minus_diffusion_affordance_sampler,accepted_success,0.0,0.0,0.0,0.0,0,10
combined_counterfactual_stress,0.05,causal_counterfactual_affordance_planner_v5_minus_diffusion_affordance_sampler,accepted_invalid_action,0.0,0.0,0.0,0.0,0,10
combined_counterfactual_stress,0.05,causal_counterfactual_affordance_planner_v5_minus_diffusion_affordance_sampler,accepted_damage_rate,0.0,0.0,0.0,0.0,0,10
combined_counterfactual_stress,0.05,causal_counterfactual_affordance_planner_v5_minus_diffusion_affordance_sampler,accepted_regret,0.0,0.0,0.0,0.0,0,10
combined_counterfactual_stress,0.05,causal_counterfactual_affordance_planner_v5_minus_diffusion_affordance_sampler,accepted_utility,0.0,0.0,0.0,0.0,0,10
combined_counterfactual_stress,0.1,causal_counterfactual_affordance_planner_v5_minus_interactive_affordance_probe,coverage,-0.14652777777777776,0.021516273309910718,-0.16804405108768847,-0.12501150446786705,0,10
combined_counterfactual_stress,0.1,causal_counterfactual_affordance_planner_v5_minus_interactive_affordance_probe,accepted_success,-0.30812352356517114,0.0459422207061981,-0.3540657442713692,-0.26218130285897306,0,10
combined_counterfactual_stress,0.1,causal_counterfactual_affordance_planner_v5_minus_interactive_affordance_probe,accepted_invalid_action,-0.16911032522016506,0.048516256253690666,-0.21762658147385572,-0.1205940689664744,10,10
combined_counterfactual_stress,0.1,causal_counterfactual_affordance_planner_v5_minus_interactive_affordance_probe,accepted_damage_rate,-0.014000000000000002,0.01407323069597817,-0.028073230695978172,7.323069597816798e-05,3,10
combined_counterfactual_stress,0.1,causal_counterfactual_affordance_planner_v5_minus_interactive_affordance_probe,accepted_regret,-0.2695267089586844,0.004671167909140888,-0.2741978768678253,-0.2648555410495435,10,10
combined_counterfactual_stress,0.1,causal_counterfactual_affordance_planner_v5_minus_interactive_affordance_probe,accepted_utility,0.08179249573020114,0.08284489635315488,-0.0010524006229537392,0.16463739208335604,7,10
combined_counterfactual_stress,0.1,causal_counterfactual_affordance_planner_v5_minus_active_view_affordance_probe,coverage,-0.015277777777777779,0.007537492023758994,-0.022815269801536774,-0.007740285754018785,0,10
combined_counterfactual_stress,0.1,causal_counterfactual_affordance_planner_v5_minus_active_view_affordance_probe,accepted_success,-0.12,0.1300116917819317,-0.2500116917819317,0.010011691781931703,0,10
combined_counterfactual_stress,0.1,causal_counterfactual_affordance_planner_v5_minus_active_view_affordance_probe,accepted_invalid_action,-0.14333333333333334,0.12321296228106063,-0.26654629561439397,-0.020120371052272712,4,10
combined_counterfactual_stress,0.1,causal_counterfactual_affordance_planner_v5_minus_active_view_affordance_probe,accepted_damage_rate,0.0,0.0,0.0,0.0,0,10
combined_counterfactual_stress,0.1,causal_counterfactual_affordance_planner_v5_minus_active_view_affordance_probe,accepted_regret,-0.232300258408022,0.07737077440769471,-0.30967103281571673,-0.15492948400032727,8,10
combined_counterfactual_stress,0.1,causal_counterfactual_affordance_planner_v5_minus_active_view_affordance_probe,accepted_utility,0.1976224475522821,0.2058138324649055,-0.008191384912623417,0.40343628001718757,6,10
combined_counterfactual_stress,0.1,causal_counterfactual_affordance_planner_v5_minus_robust_mpc_affordance_planner,coverage,-0.034722222222222224,0.009730860360063272,-0.044453082582285496,-0.024991361862158952,0,10
combined_counterfactual_stress,0.1,causal_counterfactual_affordance_planner_v5_minus_robust_mpc_affordance_planner,accepted_success,-0.28833333333333333,0.15988879005479145,-0.4482221233881248,-0.12844454327854188,0,10
combined_counterfactual_stress,0.1,causal_counterfactual_affordance_planner_v5_minus_robust_mpc_affordance_planner,accepted_invalid_action,-0.12523809523809523,0.0845718804506732,-0.2098099756887684,-0.040666214787422036,5,10
combined_counterfactual_stress,0.1,causal_counterfactual_affordance_planner_v5_minus_robust_mpc_affordance_planner,accepted_damage_rate,-0.024285714285714285,0.03234508377550512,-0.05663079806121941,0.008059369489790837,2,10
combined_counterfactual_stress,0.1,causal_counterfactual_affordance_planner_v5_minus_robust_mpc_affordance_planner,accepted_regret,-0.293425786134244,0.007574831506680495,-0.3010006176409245,-0.28585095462756355,10,10
combined_counterfactual_stress,0.1,causal_counterfactual_affordance_planner_v5_minus_robust_mpc_affordance_planner,accepted_utility,0.04979852648444696,0.21499209737328437,-0.1651935708888374,0.26479062385773133,6,10
combined_counterfactual_stress,0.1,causal_counterfactual_affordance_planner_v5_minus_ensemble_uncertainty_affordance,coverage,0.0,0.0,0.0,0.0,0,10
combined_counterfactual_stress,0.1,causal_counterfactual_affordance_planner_v5_minus_ensemble_uncertainty_affordance,accepted_success,0.0,0.0,0.0,0.0,0,10
combined_counterfactual_stress,0.1,causal_counterfactual_affordance_planner_v5_minus_ensemble_uncertainty_affordance,accepted_invalid_action,0.0,0.0,0.0,0.0,0,10
combined_counterfactual_stress,0.1,causal_counterfactual_affordance_planner_v5_minus_ensemble_uncertainty_affordance,accepted_damage_rate,0.0,0.0,0.0,0.0,0,10
combined_counterfactual_stress,0.1,causal_counterfactual_affordance_planner_v5_minus_ensemble_uncertainty_affordance,accepted_regret,0.0,0.0,0.0,0.0,0,10
combined_counterfactual_stress,0.1,causal_counterfactual_affordance_planner_v5_minus_ensemble_uncertainty_affordance,accepted_utility,0.0,0.0,0.0,0.0,0,10
combined_counterfactual_stress,0.1,causal_counterfactual_affordance_planner_v5_minus_diffusion_affordance_sampler,coverage,0.0,0.0,0.0,0.0,0,10
combined_counterfactual_stress,0.1,causal_counterfactual_affordance_planner_v5_minus_diffusion_affordance_sampler,accepted_success,0.0,0.0,0.0,0.0,0,10
combined_counterfactual_stress,0.1,causal_counterfactual_affordance_planner_v5_minus_diffusion_affordance_sampler,accepted_invalid_action,0.0,0.0,0.0,0.0,0,10
combined_counterfactual_stress,0.1,causal_counterfactual_affordance_planner_v5_minus_diffusion_affordance_sampler,accepted_damage_rate,0.0,0.0,0.0,0.0,0,10
combined_counterfactual_stress,0.1,causal_counterfactual_affordance_planner_v5_minus_diffusion_affordance_sampler,accepted_regret,0.0,0.0,0.0,0.0,0,10
combined_counterfactual_stress,0.1,causal_counterfactual_affordance_planner_v5_minus_diffusion_affordance_sampler,accepted_utility,0.0,0.0,0.0,0.0,0,10
combined_counterfactual_stress,0.15,causal_counterfactual_affordance_planner_v5_minus_interactive_affordance_probe,coverage,-0.5319444444444444,0.015074984047517982,-0.5470194284919624,-0.5168694603969265,0,10
combined_counterfactual_stress,0.15,causal_counterfactual_affordance_planner_v5_minus_interactive_affordance_probe,accepted_success,-0.2483522073580738,0.1340409822292736,-0.3823931895873474,-0.11431122512880021,1,10
combined_counterfactual_stress,0.15,causal_counterfactual_affordance_planner_v5_minus_interactive_affordance_probe,accepted_invalid_action,-0.099375612448658,0.21156114441911475,-0.3109367568677728,0.11218553197045675,9,10
combined_counterfactual_stress,0.15,causal_counterfactual_affordance_planner_v5_minus_interactive_affordance_probe,accepted_damage_rate,0.094524075715873,0.20181187447009044,-0.10728779875421744,0.2963359501859634,8,10
combined_counterfactual_stress,0.15,causal_counterfactual_affordance_planner_v5_minus_interactive_affordance_probe,accepted_regret,-0.17128683918659834,0.1021145740865992,-0.27340141327319756,-0.06917226509999914,7,10
combined_counterfactual_stress,0.15,causal_counterfactual_affordance_planner_v5_minus_interactive_affordance_probe,accepted_utility,-0.08556225347256152,0.43209839526202337,-0.517660648734585,0.34653614178946185,7,10
combined_counterfactual_stress,0.15,causal_counterfactual_affordance_planner_v5_minus_active_view_affordance_probe,coverage,-0.14513888888888887,0.011558318906296163,-0.15669720779518503,-0.1335805699825927,0,10
combined_counterfactual_stress,0.15,causal_counterfactual_affordance_planner_v5_minus_active_view_affordance_probe,accepted_success,-0.1900972533695646,0.16364961713095114,-0.35374687050051573,-0.02644763623861346,1,10
combined_counterfactual_stress,0.15,causal_counterfactual_affordance_planner_v5_minus_active_view_affordance_probe,accepted_invalid_action,-0.14322111907924262,0.1891649862020781,-0.33238610528132073,0.04594386712283549,9,10
combined_counterfactual_stress,0.15,causal_counterfactual_affordance_planner_v5_minus_active_view_affordance_probe,accepted_damage_rate,0.07850820676907633,0.19513858253284125,-0.11663037576376492,0.27364678930191755,4,10
combined_counterfactual_stress,0.15,causal_counterfactual_affordance_planner_v5_minus_active_view_affordance_probe,accepted_regret,-0.19609116727968287,0.09869925463088516,-0.29479042191056803,-0.09739191264879771,7,10
combined_counterfactual_stress,0.15,causal_counterfactual_affordance_planner_v5_minus_active_view_affordance_probe,accepted_utility,0.0350803086538513,0.41645065450400515,-0.38137034585015384,0.45153096315785646,8,10
combined_counterfactual_stress,0.15,causal_counterfactual_affordance_planner_v5_minus_robust_mpc_affordance_planner,coverage,-0.2756944444444444,0.019988724959696738,-0.29568316940414113,-0.2557057194847477,0,10
combined_counterfactual_stress,0.15,causal_counterfactual_affordance_planner_v5_minus_robust_mpc_affordance_planner,accepted_success,-0.19650534873984257,0.11624915887872,-0.3127545076185626,-0.08025618986112257,1,10
combined_counterfactual_stress,0.15,causal_counterfactual_affordance_planner_v5_minus_robust_mpc_affordance_planner,accepted_invalid_action,-0.15583804233439846,0.18873775039974594,-0.3445757927341444,0.03289970806534748,9,10
combined_counterfactual_stress,0.15,causal_counterfactual_affordance_planner_v5_minus_robust_mpc_affordance_planner,accepted_damage_rate,0.09581113782914283,0.20684966003639474,-0.11103852220725191,0.30266079786553757,6,10
combined_counterfactual_stress,0.15,causal_counterfactual_affordance_planner_v5_minus_robust_mpc_affordance_planner,accepted_regret,-0.19865395653794155,0.1022418690573832,-0.30089582559532474,-0.09641208748055835,7,10
combined_counterfactual_stress,0.15,causal_counterfactual_affordance_planner_v5_minus_robust_mpc_affordance_planner,accepted_utility,0.0006547510577253002,0.4172848109986153,-0.41663005994089003,0.4179395620563406,8,10
combined_counterfactual_stress,0.15,causal_counterfactual_affordance_planner_v5_minus_ensemble_uncertainty_affordance,coverage,0.0006944444444444444,0.004736805730894601,-0.0040423612864501565,0.005431250175339046,1,10
combined_counterfactual_stress,0.15,causal_counterfactual_affordance_planner_v5_minus_ensemble_uncertainty_affordance,accepted_success,0.06666666666666667,0.13066666666666665,-0.06399999999999999,0.1973333333333333,1,10
combined_counterfactual_stress,0.15,causal_counterfactual_affordance_planner_v5_minus_ensemble_uncertainty_affordance,accepted_invalid_action,0.0,0.2921795490599725,-0.2921795490599725,0.2921795490599725,1,10
combined_counterfactual_stress,0.15,causal_counterfactual_affordance_planner_v5_minus_ensemble_uncertainty_affordance,accepted_damage_rate,0.13333333333333333,0.19959663026918767,-0.06626329693585434,0.33292996360252103,0,10
combined_counterfactual_stress,0.15,causal_counterfactual_affordance_planner_v5_minus_ensemble_uncertainty_affordance,accepted_regret,-0.048413857098067406,0.11934300354757882,-0.1677568606456462,0.07092914644951141,4,10
combined_counterfactual_stress,0.15,causal_counterfactual_affordance_planner_v5_minus_ensemble_uncertainty_affordance,accepted_utility,-0.01238763336468609,0.4293986943202062,-0.4417863276848923,0.41701106095552015,4,10
combined_counterfactual_stress,0.15,causal_counterfactual_affordance_planner_v5_minus_diffusion_affordance_sampler,coverage,0.0034722222222222225,0.004182941466734735,-0.0007107192445125125,0.007655163688956957,3,10
combined_counterfactual_stress,0.15,causal_counterfactual_affordance_planner_v5_minus_diffusion_affordance_sampler,accepted_success,0.06666666666666667,0.13066666666666665,-0.06399999999999999,0.1973333333333333,1,10
combined_counterfactual_stress,0.15,causal_counterfactual_affordance_planner_v5_minus_diffusion_affordance_sampler,accepted_invalid_action,0.1,0.19599999999999998,-0.09599999999999997,0.296,0,10
combined_counterfactual_stress,0.15,causal_counterfactual_affordance_planner_v5_minus_diffusion_affordance_sampler,accepted_damage_rate,0.13333333333333333,0.19959663026918767,-0.06626329693585434,0.33292996360252103,0,10
combined_counterfactual_stress,0.15,causal_counterfactual_affordance_planner_v5_minus_diffusion_affordance_sampler,accepted_regret,0.10221909717099283,0.10246520167916698,-0.0002461045081741525,0.20468429885015982,0,10
combined_counterfactual_stress,0.15,causal_counterfactual_affordance_planner_v5_minus_diffusion_affordance_sampler,accepted_utility,-0.21257630135302827,0.4090923165219984,-0.6216686178750267,0.19651601516897013,1,10
